cond,snr_db,receiver,mode,slot,rolling_bler,ci_lo,ci_hi,n_seeds
S2,3.0,AINR,none,50,0.976,0.9436213643058259,1.008378635694174,5
S2,3.0,AINR,none,60,0.976,0.9436213643058259,1.008378635694174,5
S2,3.0,AINR,none,70,0.9719999999999999,0.9386826587376264,1.0053173412623735,5
S2,3.0,AINR,none,80,0.976,0.9436213643058259,1.008378635694174,5
S2,3.0,AINR,none,90,0.9719999999999999,0.9386826587376264,1.0053173412623735,5
S2,3.0,AINR,none,100,0.9719999999999999,0.9343384662330311,1.0096615337669688,5
S2,3.0,AINR,none,110,0.9800000000000001,0.9495855677241674,1.0104144322758328,5
S2,3.0,AINR,none,120,0.9800000000000001,0.9369874973836395,1.0230125026163608,5
S2,3.0,AINR,none,130,0.9800000000000001,0.9369874973836395,1.0230125026163608,5
S2,3.0,AINR,none,140,0.9879999999999999,0.9657884391584175,1.0102115608415823,5
S2,3.0,AINR,none,150,0.9879999999999999,0.9657884391584175,1.0102115608415823,5
S2,3.0,AINR,none,160,0.9879999999999999,0.9657884391584175,1.0102115608415823,5
S2,3.0,AINR,none,170,0.9879999999999999,0.9657884391584175,1.0102115608415823,5
S2,3.0,AINR,none,180,0.984,0.9632229873263286,1.0047770126736713,5
S2,3.0,AINR,none,190,0.984,0.9632229873263286,1.0047770126736713,5
S2,3.0,AINR,none,200,0.976,0.9221627319532419,1.029837268046758,5
S2,3.0,AINR,none,210,0.976,0.9221627319532419,1.029837268046758,5
S2,3.0,AINR,none,220,0.9719999999999999,0.9175930095473395,1.0264069904526603,5
S2,3.0,AINR,none,230,0.968,0.8922686743672109,1.043731325632789,5
S2,3.0,AINR,none,240,0.96,0.8875991695691257,1.0324008304308743,5
S2,3.0,AINR,none,250,0.9640000000000001,0.9021656315517036,1.0258343684482967,5
S2,3.0,AINR,none,260,0.96,0.8991711354483346,1.0208288645516654,5
S2,3.0,AINR,none,270,0.9640000000000001,0.9021656315517036,1.0258343684482967,5
S2,3.0,AINR,none,280,0.968,0.9264459746526573,1.0095540253473427,5
S2,3.0,AINR,none,290,0.968,0.9165046146414184,1.0194953853585815,5
S2,3.0,AINR,none,300,0.9719999999999999,0.9304459746526572,1.0135540253473425,5
S2,3.0,AINR,none,310,0.9719999999999999,0.9304459746526572,1.0135540253473425,5
S2,3.0,AINR,none,320,0.9719999999999999,0.9304459746526572,1.0135540253473425,5
S2,3.0,AINR,none,330,0.968,0.9228881066740192,1.0131118933259808,5
S2,3.0,AINR,none,340,0.9719999999999999,0.9343384662330311,1.0096615337669688,5
S2,3.0,AINR,none,350,0.9719999999999999,0.9343384662330311,1.0096615337669688,5
S2,3.0,AINR,none,360,0.968,0.9303384662330312,1.0056615337669688,5
S2,3.0,AINR,none,370,0.968,0.9303384662330312,1.0056615337669688,5
S2,3.0,AINR,none,380,0.9719999999999999,0.9304459746526572,1.0135540253473425,5
S2,3.0,AINR,none,390,0.976,0.9351947571605046,1.0168052428394954,5
S2,3.0,AINR,none,400,0.9800000000000001,0.9448804386765968,1.0151195613234034,5
S2,3.0,AINR,none,410,0.9879999999999999,0.9657884391584175,1.0102115608415823,5
S2,3.0,AINR,none,420,0.984,0.9516213643058259,1.016378635694174,5
S2,3.0,AINR,none,430,0.984,0.9632229873263286,1.0047770126736713,5
S2,3.0,AINR,none,440,0.9800000000000001,0.9448804386765968,1.0151195613234034,5
S2,3.0,AINR,none,450,0.9800000000000001,0.9448804386765968,1.0151195613234034,5
S2,3.0,AINR,none,460,0.9800000000000001,0.9448804386765968,1.0151195613234034,5
S2,3.0,AINR,none,470,0.984,0.9567965047736697,1.0112034952263302,5
S2,3.0,AINR,none,480,0.9879999999999999,0.9657884391584175,1.0102115608415823,5
S2,3.0,AINR,none,490,0.9879999999999999,0.9657884391584175,1.0102115608415823,5
S2,3.0,AINR,none,500,0.9800000000000001,0.9369874973836395,1.0230125026163608,5
S2,3.0,AINR,none,510,0.976,0.9221627319532419,1.029837268046758,5
S2,3.0,AINR,none,520,0.968,0.9165046146414184,1.0194953853585815,5
S2,3.0,AINR,none,530,0.968,0.9165046146414184,1.0194953853585815,5
S2,3.0,AINR,none,540,0.976,0.9351947571605047,1.0168052428394954,5
S2,3.0,AINR,none,550,0.9719999999999999,0.9386826587376264,1.0053173412623735,5
S2,3.0,AINR,none,560,0.968,0.9303384662330312,1.0056615337669688,5
S2,3.0,AINR,none,570,0.976,0.9436213643058259,1.008378635694174,5
S2,3.0,AINR,none,580,0.968,0.9303384662330312,1.0056615337669688,5
S2,3.0,AINR,none,590,0.968,0.9303384662330312,1.0056615337669688,5
S2,3.0,AINR,none,600,0.976,0.9487965047736697,1.0032034952263302,5
S2,3.0,AINR,none,610,0.968,0.9264459746526573,1.0095540253473427,5
S2,3.0,AINR,none,620,0.968,0.9165046146414184,1.0194953853585815,5
S2,3.0,AINR,none,630,0.9719999999999999,0.9205046146414183,1.0234953853585813,5
S2,3.0,AINR,none,640,0.9640000000000001,0.9021656315517036,1.0258343684482967,5
S2,3.0,AINR,none,650,0.952,0.8804560143105977,1.0235439856894022,5
S2,3.0,AINR,none,660,0.9640000000000001,0.910162731953242,1.017837268046758,5
S2,3.0,AINR,none,670,0.9640000000000001,0.9131069205701661,1.014893079429834,5
S2,3.0,AINR,none,680,0.9640000000000001,0.9195768783168354,1.0084231216831647,5
S2,3.0,AINR,none,690,0.9719999999999999,0.9304459746526572,1.0135540253473425,5
S2,3.0,AINR,none,700,0.9879999999999999,0.9657884391584175,1.0102115608415823,5
S2,3.0,AINR,none,710,0.992,0.9783982523868349,1.0056017476131651,5
S2,3.0,AINR,none,720,0.9960000000000001,0.984894219579209,1.0071057804207912,5
S2,3.0,AINR,none,730,0.9960000000000001,0.984894219579209,1.0071057804207912,5
S2,3.0,AINR,none,740,0.9960000000000001,0.984894219579209,1.0071057804207912,5
S2,3.0,AINR,none,750,0.992,0.9697884391584176,1.0142115608415823,5
S2,3.0,AINR,none,760,0.992,0.9697884391584176,1.0142115608415823,5
S2,3.0,AINR,none,770,0.992,0.9697884391584176,1.0142115608415823,5
S2,3.0,AINR,none,780,0.992,0.9783982523868349,1.0056017476131651,5
S2,3.0,AINR,none,790,0.9879999999999999,0.9743982523868348,1.001601747613165,5
S2,3.0,AINR,none,800,0.992,0.9783982523868349,1.0056017476131651,5
S2,3.0,AINR,none,810,0.9800000000000001,0.9551667200359248,1.0048332799640753,5
S2,3.0,AINR,none,820,0.9720000000000001,0.9304459746526574,1.0135540253473427,5
S2,3.0,AINR,none,830,0.976,0.9351947571605047,1.0168052428394954,5
S2,3.0,AINR,none,840,0.9720000000000001,0.9304459746526574,1.0135540253473427,5
S2,3.0,AINR,none,850,0.9640000000000001,0.9131069205701661,1.014893079429834,5
S2,3.0,AINR,none,860,0.976,0.9351947571605046,1.0168052428394954,5
S2,3.0,AINR,none,870,0.984,0.9516213643058259,1.016378635694174,5
S2,3.0,AINR,none,880,0.9719999999999999,0.9304459746526572,1.0135540253473425,5
S2,3.0,AINR,none,890,0.9640000000000001,0.9131069205701661,1.014893079429834,5
S2,3.0,AINR,none,900,0.968,0.9303384662330312,1.0056615337669688,5
S2,3.0,AINR,none,910,0.9640000000000001,0.9231947571605047,1.0048052428394953,5
S2,3.0,AINR,none,920,0.96,0.9135411872922962,1.0064588127077037,5
S2,3.0,AINR,none,930,0.96,0.9017607961441969,1.018239203855803,5
S2,3.0,AINR,none,940,0.9719999999999999,0.9343384662330311,1.0096615337669688,5
S2,3.0,AINR,none,950,0.976,0.9351947571605046,1.0168052428394954,5
S2,3.0,AINR,none,960,0.9800000000000001,0.9448804386765968,1.0151195613234034,5
S2,3.0,AINR,none,970,0.984,0.9516213643058259,1.016378635694174,5
S2,3.0,AINR,none,980,0.9960000000000001,0.984894219579209,1.0071057804207912,5
S2,3.0,AINR,none,990,1.0,1.0,1.0,5
S2,3.0,AINR,none,1000,1.0,1.0,1.0,5
S2,3.0,AINR,ungated,50,1.0,1.0,1.0,5
S2,3.0,AINR,ungated,60,1.0,1.0,1.0,5
S2,3.0,AINR,ungated,70,1.0,1.0,1.0,5
S2,3.0,AINR,ungated,80,1.0,1.0,1.0,5
S2,3.0,AINR,ungated,90,1.0,1.0,1.0,5
S2,3.0,AINR,ungated,100,1.0,1.0,1.0,5
S2,3.0,AINR,ungated,110,1.0,1.0,1.0,5
S2,3.0,AINR,ungated,120,1.0,1.0,1.0,5
S2,3.0,AINR,ungated,130,1.0,1.0,1.0,5
S2,3.0,AINR,ungated,140,1.0,1.0,1.0,5
S2,3.0,AINR,ungated,150,1.0,1.0,1.0,5
S2,3.0,AINR,ungated,160,1.0,1.0,1.0,5
S2,3.0,AINR,ungated,170,1.0,1.0,1.0,5
S2,3.0,AINR,ungated,180,1.0,1.0,1.0,5
S2,3.0,AINR,ungated,190,1.0,1.0,1.0,5
S2,3.0,AINR,ungated,200,1.0,1.0,1.0,5
S2,3.0,AINR,ungated,210,1.0,1.0,1.0,5
S2,3.0,AINR,ungated,220,1.0,1.0,1.0,5
S2,3.0,AINR,ungated,230,1.0,1.0,1.0,5
S2,3.0,AINR,ungated,240,1.0,1.0,1.0,5
S2,3.0,AINR,ungated,250,1.0,1.0,1.0,5
S2,3.0,AINR,ungated,260,1.0,1.0,1.0,5
S2,3.0,AINR,ungated,270,1.0,1.0,1.0,5
S2,3.0,AINR,ungated,280,1.0,1.0,1.0,5
S2,3.0,AINR,ungated,290,1.0,1.0,1.0,5
S2,3.0,AINR,ungated,300,1.0,1.0,1.0,5
S2,3.0,AINR,ungated,310,1.0,1.0,1.0,5
S2,3.0,AINR,ungated,320,1.0,1.0,1.0,5
S2,3.0,AINR,ungated,330,1.0,1.0,1.0,5
S2,3.0,AINR,ungated,340,1.0,1.0,1.0,5
S2,3.0,AINR,ungated,350,1.0,1.0,1.0,5
S2,3.0,AINR,ungated,360,1.0,1.0,1.0,5
S2,3.0,AINR,ungated,370,1.0,1.0,1.0,5
S2,3.0,AINR,ungated,380,1.0,1.0,1.0,5
S2,3.0,AINR,ungated,390,1.0,1.0,1.0,5
S2,3.0,AINR,ungated,400,1.0,1.0,1.0,5
S2,3.0,AINR,ungated,410,1.0,1.0,1.0,5
S2,3.0,AINR,ungated,420,1.0,1.0,1.0,5
S2,3.0,AINR,ungated,430,1.0,1.0,1.0,5
S2,3.0,AINR,ungated,440,1.0,1.0,1.0,5
S2,3.0,AINR,ungated,450,1.0,1.0,1.0,5
S2,3.0,AINR,ungated,460,1.0,1.0,1.0,5
S2,3.0,AINR,ungated,470,1.0,1.0,1.0,5
S2,3.0,AINR,ungated,480,1.0,1.0,1.0,5
S2,3.0,AINR,ungated,490,1.0,1.0,1.0,5
S2,3.0,AINR,ungated,500,1.0,1.0,1.0,5
S2,3.0,AINR,ungated,510,1.0,1.0,1.0,5
S2,3.0,AINR,ungated,520,1.0,1.0,1.0,5
S2,3.0,AINR,ungated,530,1.0,1.0,1.0,5
S2,3.0,AINR,ungated,540,1.0,1.0,1.0,5
S2,3.0,AINR,ungated,550,1.0,1.0,1.0,5
S2,3.0,AINR,ungated,560,1.0,1.0,1.0,5
S2,3.0,AINR,ungated,570,1.0,1.0,1.0,5
S2,3.0,AINR,ungated,580,1.0,1.0,1.0,5
S2,3.0,AINR,ungated,590,1.0,1.0,1.0,5
S2,3.0,AINR,ungated,600,1.0,1.0,1.0,5
S2,3.0,AINR,ungated,610,1.0,1.0,1.0,5
S2,3.0,AINR,ungated,620,1.0,1.0,1.0,5
S2,3.0,AINR,ungated,630,1.0,1.0,1.0,5
S2,3.0,AINR,ungated,640,1.0,1.0,1.0,5
S2,3.0,AINR,ungated,650,1.0,1.0,1.0,5
S2,3.0,AINR,ungated,660,1.0,1.0,1.0,5
S2,3.0,AINR,ungated,670,1.0,1.0,1.0,5
S2,3.0,AINR,ungated,680,1.0,1.0,1.0,5
S2,3.0,AINR,ungated,690,1.0,1.0,1.0,5
S2,3.0,AINR,ungated,700,1.0,1.0,1.0,5
S2,3.0,AINR,ungated,710,1.0,1.0,1.0,5
S2,3.0,AINR,ungated,720,1.0,1.0,1.0,5
S2,3.0,AINR,ungated,730,1.0,1.0,1.0,5
S2,3.0,AINR,ungated,740,1.0,1.0,1.0,5
S2,3.0,AINR,ungated,750,1.0,1.0,1.0,5
S2,3.0,AINR,ungated,760,1.0,1.0,1.0,5
S2,3.0,AINR,ungated,770,1.0,1.0,1.0,5
S2,3.0,AINR,ungated,780,1.0,1.0,1.0,5
S2,3.0,AINR,ungated,790,1.0,1.0,1.0,5
S2,3.0,AINR,ungated,800,1.0,1.0,1.0,5
S2,3.0,AINR,ungated,810,1.0,1.0,1.0,5
S2,3.0,AINR,ungated,820,1.0,1.0,1.0,5
S2,3.0,AINR,ungated,830,1.0,1.0,1.0,5
S2,3.0,AINR,ungated,840,1.0,1.0,1.0,5
S2,3.0,AINR,ungated,850,1.0,1.0,1.0,5
S2,3.0,AINR,ungated,860,1.0,1.0,1.0,5
S2,3.0,AINR,ungated,870,1.0,1.0,1.0,5
S2,3.0,AINR,ungated,880,1.0,1.0,1.0,5
S2,3.0,AINR,ungated,890,1.0,1.0,1.0,5
S2,3.0,AINR,ungated,900,1.0,1.0,1.0,5
S2,3.0,AINR,ungated,910,1.0,1.0,1.0,5
S2,3.0,AINR,ungated,920,1.0,1.0,1.0,5
S2,3.0,AINR,ungated,930,1.0,1.0,1.0,5
S2,3.0,AINR,ungated,940,1.0,1.0,1.0,5
S2,3.0,AINR,ungated,950,1.0,1.0,1.0,5
S2,3.0,AINR,ungated,960,1.0,1.0,1.0,5
S2,3.0,AINR,ungated,970,1.0,1.0,1.0,5
S2,3.0,AINR,ungated,980,1.0,1.0,1.0,5
S2,3.0,AINR,ungated,990,1.0,1.0,1.0,5
S2,3.0,AINR,ungated,1000,1.0,1.0,1.0,5
S2,3.0,AINR,gated,50,0.8800000000000001,0.677490730370236,1.0825092696297642,5
S2,3.0,AINR,gated,60,0.8240000000000001,0.5466888630371374,1.1013111369628628,5
S2,3.0,AINR,gated,70,0.72,0.34215856466142563,1.0978414353385744,5
S2,3.0,AINR,gated,80,0.6359999999999999,0.18269910028156294,1.0893008997184368,5
S2,3.0,AINR,gated,90,0.556,0.030848050393225135,1.081151949606775,5
S2,3.0,AINR,gated,100,0.532,-0.009684368869674165,1.0736843688696742,5
S2,3.0,AINR,gated,110,0.4800000000000001,-0.1136660341824538,1.073666034182454,5
S2,3.0,AINR,gated,120,0.4720000000000001,-0.12879090114282332,1.0727909011428234,5
S2,3.0,AINR,gated,130,0.4640000000000001,-0.14413655434150097,1.0721365543415011,5
S2,3.0,AINR,gated,140,0.4600000000000001,-0.15233047500077823,1.0723304750007783,5
S2,3.0,AINR,gated,150,0.43600000000000005,-0.20400522609177618,1.0760052260917763,5
S2,3.0,AINR,gated,160,0.44400000000000006,-0.18629584605112437,1.0742958460511245,5
S2,3.0,AINR,gated,170,0.44400000000000006,-0.18629584605112437,1.0742958460511245,5
S2,3.0,AINR,gated,180,0.44400000000000006,-0.18629584605112437,1.0742958460511245,5
S2,3.0,AINR,gated,190,0.44400000000000006,-0.18629584605112437,1.0742958460511245,5
S2,3.0,AINR,gated,200,0.44000000000000006,-0.19482917956833257,1.0748291795683327,5
S2,3.0,AINR,gated,210,0.43200000000000005,-0.2118958712046196,1.0758958712046196,5
S2,3.0,AINR,gated,220,0.43600000000000005,-0.2035232580844979,1.075523258084498,5
S2,3.0,AINR,gated,230,0.44400000000000006,-0.18678486454818877,1.0747848645481888,5
S2,3.0,AINR,gated,240,0.43600000000000005,-0.20400522609177618,1.0760052260917763,5
S2,3.0,AINR,gated,250,0.42800000000000005,-0.22090458219139186,1.0769045821913918,5
S2,3.0,AINR,gated,260,0.42800000000000005,-0.22090458219139186,1.0769045821913918,5
S2,3.0,AINR,gated,270,0.42400000000000004,-0.2291199841940028,1.077119984194003,5
S2,3.0,AINR,gated,280,0.40800000000000003,-0.2633258246858552,1.0793258246858553,5
S2,3.0,AINR,gated,290,0.40800000000000003,-0.2633258246858552,1.0793258246858553,5
S2,3.0,AINR,gated,300,0.40800000000000003,-0.2633258246858552,1.0793258246858553,5
S2,3.0,AINR,gated,310,0.40800000000000003,-0.2630961309628126,1.0790961309628126,5
S2,3.0,AINR,gated,320,0.40800000000000003,-0.2630961309628126,1.0790961309628126,5
S2,3.0,AINR,gated,330,0.42400000000000004,-0.2288838854319254,1.0768838854319256,5
S2,3.0,AINR,gated,340,0.43200000000000005,-0.21213526440588815,1.0761352644058881,5
S2,3.0,AINR,gated,350,0.44000000000000006,-0.1960423073317039,1.076042307331704,5
S2,3.0,AINR,gated,360,0.44000000000000006,-0.1960423073317039,1.076042307331704,5
S2,3.0,AINR,gated,370,0.44000000000000006,-0.19531470864853773,1.0753147086485377,5
S2,3.0,AINR,gated,380,0.43200000000000005,-0.21285291078036128,1.0768529107803615,5
S2,3.0,AINR,gated,390,0.42800000000000005,-0.22042922897970174,1.076429228979702,5
S2,3.0,AINR,gated,400,0.42000000000000004,-0.23749596761932623,1.0774959676193263,5
S2,3.0,AINR,gated,410,0.41600000000000004,-0.24602934816764976,1.0780293481676497,5
S2,3.0,AINR,gated,420,0.41600000000000004,-0.24602934816764976,1.0780293481676497,5
S2,3.0,AINR,gated,430,0.41200000000000003,-0.254716915153952,1.0787169151539522,5
S2,3.0,AINR,gated,440,0.42000000000000004,-0.23843323960992613,1.078433239609926,5
S2,3.0,AINR,gated,450,0.42000000000000004,-0.23843323960992613,1.078433239609926,5
S2,3.0,AINR,gated,460,0.42000000000000004,-0.23843323960992613,1.078433239609926,5
S2,3.0,AINR,gated,470,0.42400000000000004,-0.2291199841940028,1.077119984194003,5
S2,3.0,AINR,gated,480,0.42000000000000004,-0.23749596761932623,1.0774959676193263,5
S2,3.0,AINR,gated,490,0.40800000000000003,-0.2630961309628126,1.0790961309628126,5
S2,3.0,AINR,gated,500,0.41600000000000004,-0.24649494309697006,1.0784949430969701,5
S2,3.0,AINR,gated,510,0.42000000000000004,-0.23773041083149038,1.0777304108314905,5
S2,3.0,AINR,gated,520,0.41600000000000004,-0.24626218654862841,1.0782621865486286,5
S2,3.0,AINR,gated,530,0.41600000000000004,-0.24626218654862841,1.0782621865486286,5
S2,3.0,AINR,gated,540,0.42400000000000004,-0.22959192585844312,1.0775919258584432,5
S2,3.0,AINR,gated,550,0.41600000000000004,-0.24649494309697006,1.0784949430969701,5
S2,3.0,AINR,gated,560,0.41200000000000003,-0.254716915153952,1.0787169151539522,5
S2,3.0,AINR,gated,570,0.40800000000000003,-0.2630961309628126,1.0790961309628126,5
S2,3.0,AINR,gated,580,0.41200000000000003,-0.25448563304509053,1.0784856330450907,5
S2,3.0,AINR,gated,590,0.40800000000000003,-0.2630961309628126,1.0790961309628126,5
S2,3.0,AINR,gated,600,0.40800000000000003,-0.2630961309628126,1.0790961309628126,5
S2,3.0,AINR,gated,610,0.40800000000000003,-0.2630961309628126,1.0790961309628126,5
S2,3.0,AINR,gated,620,0.41200000000000003,-0.25448563304509053,1.0784856330450907,5
S2,3.0,AINR,gated,630,0.41200000000000003,-0.25448563304509053,1.0784856330450907,5
S2,3.0,AINR,gated,640,0.41200000000000003,-0.254716915153952,1.0787169151539522,5
S2,3.0,AINR,gated,650,0.41200000000000003,-0.254716915153952,1.0787169151539522,5
S2,3.0,AINR,gated,660,0.41200000000000003,-0.254716915153952,1.0787169151539522,5
S2,3.0,AINR,gated,670,0.41200000000000003,-0.254716915153952,1.0787169151539522,5
S2,3.0,AINR,gated,680,0.41600000000000004,-0.24649494309697006,1.0784949430969701,5
S2,3.0,AINR,gated,690,0.41200000000000003,-0.254716915153952,1.0787169151539522,5
S2,3.0,AINR,gated,700,0.42000000000000004,-0.23796477050785048,1.0779647705078506,5
S2,3.0,AINR,gated,710,0.42400000000000004,-0.2291199841940028,1.077119984194003,5
S2,3.0,AINR,gated,720,0.42000000000000004,-0.23773041083149038,1.0777304108314905,5
S2,3.0,AINR,gated,730,0.42000000000000004,-0.23749596761932623,1.0774959676193263,5
S2,3.0,AINR,gated,740,0.42400000000000004,-0.2291199841940028,1.077119984194003,5
S2,3.0,AINR,gated,750,0.42400000000000004,-0.2291199841940028,1.077119984194003,5
S2,3.0,AINR,gated,760,0.42000000000000004,-0.23749596761932623,1.0774959676193263,5
S2,3.0,AINR,gated,770,0.42800000000000005,-0.22090458219139186,1.0769045821913918,5
S2,3.0,AINR,gated,780,0.42400000000000004,-0.22959192585844312,1.0775919258584432,5
S2,3.0,AINR,gated,790,0.42000000000000004,-0.23843323960992613,1.078433239609926,5
S2,3.0,AINR,gated,800,0.41200000000000003,-0.2551792388452868,1.079179238845287,5
S2,3.0,AINR,gated,810,0.42000000000000004,-0.23773041083149038,1.0777304108314905,5
S2,3.0,AINR,gated,820,0.42400000000000004,-0.2291199841940028,1.077119984194003,5
S2,3.0,AINR,gated,830,0.42800000000000005,-0.220666949128825,1.0766669491288252,5
S2,3.0,AINR,gated,840,0.42800000000000005,-0.220666949128825,1.0766669491288252,5
S2,3.0,AINR,gated,850,0.43600000000000005,-0.20352325808449812,1.0755232580844982,5
S2,3.0,AINR,gated,860,0.42800000000000005,-0.220666949128825,1.0766669491288252,5
S2,3.0,AINR,gated,870,0.42400000000000004,-0.2291199841940028,1.077119984194003,5
S2,3.0,AINR,gated,880,0.42000000000000004,-0.23773041083149038,1.0777304108314905,5
S2,3.0,AINR,gated,890,0.42000000000000004,-0.23773041083149038,1.0777304108314905,5
S2,3.0,AINR,gated,900,0.42400000000000004,-0.22982776894548917,1.0778277689454892,5
S2,3.0,AINR,gated,910,0.43600000000000005,-0.20544895728819157,1.0774489572881918,5
S2,3.0,AINR,gated,920,0.42800000000000005,-0.2213795874392409,1.077379587439241,5
S2,3.0,AINR,gated,930,0.42400000000000004,-0.22959192585844312,1.0775919258584432,5
S2,3.0,AINR,gated,940,0.42400000000000004,-0.22959192585844312,1.0775919258584432,5
S2,3.0,AINR,gated,950,0.41600000000000004,-0.24602934816764988,1.07802934816765,5
S2,3.0,AINR,gated,960,0.40800000000000003,-0.2633258246858552,1.0793258246858553,5
S2,3.0,AINR,gated,970,0.41200000000000003,-0.2551792388452868,1.079179238845287,5
S2,3.0,AINR,gated,980,0.41200000000000003,-0.2551792388452868,1.079179238845287,5
S2,3.0,AINR,gated,990,0.41200000000000003,-0.2551792388452868,1.079179238845287,5
S2,3.0,AINR,gated,1000,0.40800000000000003,-0.2633258246858552,1.0793258246858553,5
S2,3.0,AINR,trig,50,0.8800000000000001,0.677490730370236,1.0825092696297642,5
S2,3.0,AINR,trig,60,0.8240000000000001,0.5466888630371374,1.1013111369628628,5
S2,3.0,AINR,trig,70,0.72,0.34215856466142563,1.0978414353385744,5
S2,3.0,AINR,trig,80,0.6359999999999999,0.18269910028156294,1.0893008997184368,5
S2,3.0,AINR,trig,90,0.556,0.030848050393225135,1.081151949606775,5
S2,3.0,AINR,trig,100,0.532,-0.009684368869674165,1.0736843688696742,5
S2,3.0,AINR,trig,110,0.4800000000000001,-0.1136660341824538,1.073666034182454,5
S2,3.0,AINR,trig,120,0.4720000000000001,-0.12879090114282332,1.0727909011428234,5
S2,3.0,AINR,trig,130,0.4640000000000001,-0.14413655434150097,1.0721365543415011,5
S2,3.0,AINR,trig,140,0.4600000000000001,-0.15233047500077823,1.0723304750007783,5
S2,3.0,AINR,trig,150,0.43600000000000005,-0.20400522609177618,1.0760052260917763,5
S2,3.0,AINR,trig,160,0.44400000000000006,-0.18629584605112437,1.0742958460511245,5
S2,3.0,AINR,trig,170,0.44400000000000006,-0.18629584605112437,1.0742958460511245,5
S2,3.0,AINR,trig,180,0.44400000000000006,-0.18629584605112437,1.0742958460511245,5
S2,3.0,AINR,trig,190,0.44400000000000006,-0.18629584605112437,1.0742958460511245,5
S2,3.0,AINR,trig,200,0.44000000000000006,-0.19482917956833257,1.0748291795683327,5
S2,3.0,AINR,trig,210,0.43200000000000005,-0.2118958712046196,1.0758958712046196,5
S2,3.0,AINR,trig,220,0.43600000000000005,-0.2035232580844979,1.075523258084498,5
S2,3.0,AINR,trig,230,0.44400000000000006,-0.18678486454818877,1.0747848645481888,5
S2,3.0,AINR,trig,240,0.43600000000000005,-0.20400522609177618,1.0760052260917763,5
S2,3.0,AINR,trig,250,0.42800000000000005,-0.22090458219139186,1.0769045821913918,5
S2,3.0,AINR,trig,260,0.42800000000000005,-0.22090458219139186,1.0769045821913918,5
S2,3.0,AINR,trig,270,0.42400000000000004,-0.2291199841940028,1.077119984194003,5
S2,3.0,AINR,trig,280,0.40800000000000003,-0.2633258246858552,1.0793258246858553,5
S2,3.0,AINR,trig,290,0.40800000000000003,-0.2633258246858552,1.0793258246858553,5
S2,3.0,AINR,trig,300,0.40800000000000003,-0.2633258246858552,1.0793258246858553,5
S2,3.0,AINR,trig,310,0.40800000000000003,-0.2630961309628126,1.0790961309628126,5
S2,3.0,AINR,trig,320,0.40800000000000003,-0.2630961309628126,1.0790961309628126,5
S2,3.0,AINR,trig,330,0.42400000000000004,-0.2288838854319254,1.0768838854319256,5
S2,3.0,AINR,trig,340,0.43200000000000005,-0.21213526440588815,1.0761352644058881,5
S2,3.0,AINR,trig,350,0.44000000000000006,-0.1960423073317039,1.076042307331704,5
S2,3.0,AINR,trig,360,0.44000000000000006,-0.1960423073317039,1.076042307331704,5
S2,3.0,AINR,trig,370,0.44000000000000006,-0.19531470864853773,1.0753147086485377,5
S2,3.0,AINR,trig,380,0.43200000000000005,-0.21285291078036128,1.0768529107803615,5
S2,3.0,AINR,trig,390,0.42800000000000005,-0.22042922897970174,1.076429228979702,5
S2,3.0,AINR,trig,400,0.42000000000000004,-0.23749596761932623,1.0774959676193263,5
S2,3.0,AINR,trig,410,0.41600000000000004,-0.24602934816764976,1.0780293481676497,5
S2,3.0,AINR,trig,420,0.41600000000000004,-0.24602934816764976,1.0780293481676497,5
S2,3.0,AINR,trig,430,0.41200000000000003,-0.254716915153952,1.0787169151539522,5
S2,3.0,AINR,trig,440,0.42000000000000004,-0.23843323960992613,1.078433239609926,5
S2,3.0,AINR,trig,450,0.42000000000000004,-0.23843323960992613,1.078433239609926,5
S2,3.0,AINR,trig,460,0.42000000000000004,-0.23843323960992613,1.078433239609926,5
S2,3.0,AINR,trig,470,0.42400000000000004,-0.2291199841940028,1.077119984194003,5
S2,3.0,AINR,trig,480,0.42000000000000004,-0.23749596761932623,1.0774959676193263,5
S2,3.0,AINR,trig,490,0.40800000000000003,-0.2630961309628126,1.0790961309628126,5
S2,3.0,AINR,trig,500,0.41600000000000004,-0.24649494309697006,1.0784949430969701,5
S2,3.0,AINR,trig,510,0.42000000000000004,-0.23773041083149038,1.0777304108314905,5
S2,3.0,AINR,trig,520,0.41600000000000004,-0.24626218654862841,1.0782621865486286,5
S2,3.0,AINR,trig,530,0.41600000000000004,-0.24626218654862841,1.0782621865486286,5
S2,3.0,AINR,trig,540,0.42400000000000004,-0.22959192585844312,1.0775919258584432,5
S2,3.0,AINR,trig,550,0.41600000000000004,-0.24649494309697006,1.0784949430969701,5
S2,3.0,AINR,trig,560,0.41200000000000003,-0.254716915153952,1.0787169151539522,5
S2,3.0,AINR,trig,570,0.40800000000000003,-0.2630961309628126,1.0790961309628126,5
S2,3.0,AINR,trig,580,0.41200000000000003,-0.25448563304509053,1.0784856330450907,5
S2,3.0,AINR,trig,590,0.40800000000000003,-0.2630961309628126,1.0790961309628126,5
S2,3.0,AINR,trig,600,0.40800000000000003,-0.2630961309628126,1.0790961309628126,5
S2,3.0,AINR,trig,610,0.40800000000000003,-0.2630961309628126,1.0790961309628126,5
S2,3.0,AINR,trig,620,0.41200000000000003,-0.25448563304509053,1.0784856330450907,5
S2,3.0,AINR,trig,630,0.41200000000000003,-0.25448563304509053,1.0784856330450907,5
S2,3.0,AINR,trig,640,0.41200000000000003,-0.254716915153952,1.0787169151539522,5
S2,3.0,AINR,trig,650,0.41200000000000003,-0.254716915153952,1.0787169151539522,5
S2,3.0,AINR,trig,660,0.41200000000000003,-0.254716915153952,1.0787169151539522,5
S2,3.0,AINR,trig,670,0.41200000000000003,-0.254716915153952,1.0787169151539522,5
S2,3.0,AINR,trig,680,0.41600000000000004,-0.24649494309697006,1.0784949430969701,5
S2,3.0,AINR,trig,690,0.41200000000000003,-0.254716915153952,1.0787169151539522,5
S2,3.0,AINR,trig,700,0.42000000000000004,-0.23796477050785048,1.0779647705078506,5
S2,3.0,AINR,trig,710,0.42400000000000004,-0.2291199841940028,1.077119984194003,5
S2,3.0,AINR,trig,720,0.42000000000000004,-0.23773041083149038,1.0777304108314905,5
S2,3.0,AINR,trig,730,0.42000000000000004,-0.23749596761932623,1.0774959676193263,5
S2,3.0,AINR,trig,740,0.42400000000000004,-0.2291199841940028,1.077119984194003,5
S2,3.0,AINR,trig,750,0.42400000000000004,-0.2291199841940028,1.077119984194003,5
S2,3.0,AINR,trig,760,0.42000000000000004,-0.23749596761932623,1.0774959676193263,5
S2,3.0,AINR,trig,770,0.42800000000000005,-0.22090458219139186,1.0769045821913918,5
S2,3.0,AINR,trig,780,0.42400000000000004,-0.22959192585844312,1.0775919258584432,5
S2,3.0,AINR,trig,790,0.42000000000000004,-0.23843323960992613,1.078433239609926,5
S2,3.0,AINR,trig,800,0.41200000000000003,-0.2551792388452868,1.079179238845287,5
S2,3.0,AINR,trig,810,0.41600000000000004,-0.24649494309697006,1.0784949430969701,5
S2,3.0,AINR,trig,820,0.42000000000000004,-0.23773041083149038,1.0777304108314905,5
S2,3.0,AINR,trig,830,0.42400000000000004,-0.2291199841940028,1.077119984194003,5
S2,3.0,AINR,trig,840,0.42400000000000004,-0.2291199841940028,1.077119984194003,5
S2,3.0,AINR,trig,850,0.43200000000000005,-0.2118958712046196,1.0758958712046196,5
S2,3.0,AINR,trig,860,0.42800000000000005,-0.220666949128825,1.0766669491288252,5
S2,3.0,AINR,trig,870,0.42400000000000004,-0.2291199841940028,1.077119984194003,5
S2,3.0,AINR,trig,880,0.42000000000000004,-0.23773041083149038,1.0777304108314905,5
S2,3.0,AINR,trig,890,0.42000000000000004,-0.23773041083149038,1.0777304108314905,5
S2,3.0,AINR,trig,900,0.42400000000000004,-0.22982776894548917,1.0778277689454892,5
S2,3.0,AINR,trig,910,0.43600000000000005,-0.20544895728819157,1.0774489572881918,5
S2,3.0,AINR,trig,920,0.42800000000000005,-0.2213795874392409,1.077379587439241,5
S2,3.0,AINR,trig,930,0.42400000000000004,-0.22959192585844312,1.0775919258584432,5
S2,3.0,AINR,trig,940,0.42400000000000004,-0.22959192585844312,1.0775919258584432,5
S2,3.0,AINR,trig,950,0.41600000000000004,-0.24602934816764988,1.07802934816765,5
S2,3.0,AINR,trig,960,0.40800000000000003,-0.2633258246858552,1.0793258246858553,5
S2,3.0,AINR,trig,970,0.41200000000000003,-0.2551792388452868,1.079179238845287,5
S2,3.0,AINR,trig,980,0.41200000000000003,-0.2551792388452868,1.079179238845287,5
S2,3.0,AINR,trig,990,0.41200000000000003,-0.2551792388452868,1.079179238845287,5
S2,3.0,AINR,trig,1000,0.40800000000000003,-0.2633258246858552,1.0793258246858553,5
S2,3.0,DiscNRX,none,50,1.0,1.0,1.0,5
S2,3.0,DiscNRX,none,60,1.0,1.0,1.0,5
S2,3.0,DiscNRX,none,70,1.0,1.0,1.0,5
S2,3.0,DiscNRX,none,80,1.0,1.0,1.0,5
S2,3.0,DiscNRX,none,90,1.0,1.0,1.0,5
S2,3.0,DiscNRX,none,100,1.0,1.0,1.0,5
S2,3.0,DiscNRX,none,110,1.0,1.0,1.0,5
S2,3.0,DiscNRX,none,120,1.0,1.0,1.0,5
S2,3.0,DiscNRX,none,130,1.0,1.0,1.0,5
S2,3.0,DiscNRX,none,140,1.0,1.0,1.0,5
S2,3.0,DiscNRX,none,150,1.0,1.0,1.0,5
S2,3.0,DiscNRX,none,160,1.0,1.0,1.0,5
S2,3.0,DiscNRX,none,170,1.0,1.0,1.0,5
S2,3.0,DiscNRX,none,180,1.0,1.0,1.0,5
S2,3.0,DiscNRX,none,190,1.0,1.0,1.0,5
S2,3.0,DiscNRX,none,200,1.0,1.0,1.0,5
S2,3.0,DiscNRX,none,210,1.0,1.0,1.0,5
S2,3.0,DiscNRX,none,220,1.0,1.0,1.0,5
S2,3.0,DiscNRX,none,230,1.0,1.0,1.0,5
S2,3.0,DiscNRX,none,240,1.0,1.0,1.0,5
S2,3.0,DiscNRX,none,250,1.0,1.0,1.0,5
S2,3.0,DiscNRX,none,260,1.0,1.0,1.0,5
S2,3.0,DiscNRX,none,270,1.0,1.0,1.0,5
S2,3.0,DiscNRX,none,280,1.0,1.0,1.0,5
S2,3.0,DiscNRX,none,290,1.0,1.0,1.0,5
S2,3.0,DiscNRX,none,300,1.0,1.0,1.0,5
S2,3.0,DiscNRX,none,310,1.0,1.0,1.0,5
S2,3.0,DiscNRX,none,320,1.0,1.0,1.0,5
S2,3.0,DiscNRX,none,330,1.0,1.0,1.0,5
S2,3.0,DiscNRX,none,340,1.0,1.0,1.0,5
S2,3.0,DiscNRX,none,350,1.0,1.0,1.0,5
S2,3.0,DiscNRX,none,360,1.0,1.0,1.0,5
S2,3.0,DiscNRX,none,370,1.0,1.0,1.0,5
S2,3.0,DiscNRX,none,380,1.0,1.0,1.0,5
S2,3.0,DiscNRX,none,390,1.0,1.0,1.0,5
S2,3.0,DiscNRX,none,400,1.0,1.0,1.0,5
S2,3.0,DiscNRX,none,410,1.0,1.0,1.0,5
S2,3.0,DiscNRX,none,420,1.0,1.0,1.0,5
S2,3.0,DiscNRX,none,430,1.0,1.0,1.0,5
S2,3.0,DiscNRX,none,440,1.0,1.0,1.0,5
S2,3.0,DiscNRX,none,450,1.0,1.0,1.0,5
S2,3.0,DiscNRX,none,460,1.0,1.0,1.0,5
S2,3.0,DiscNRX,none,470,1.0,1.0,1.0,5
S2,3.0,DiscNRX,none,480,1.0,1.0,1.0,5
S2,3.0,DiscNRX,none,490,1.0,1.0,1.0,5
S2,3.0,DiscNRX,none,500,1.0,1.0,1.0,5
S2,3.0,DiscNRX,none,510,1.0,1.0,1.0,5
S2,3.0,DiscNRX,none,520,1.0,1.0,1.0,5
S2,3.0,DiscNRX,none,530,1.0,1.0,1.0,5
S2,3.0,DiscNRX,none,540,1.0,1.0,1.0,5
S2,3.0,DiscNRX,none,550,1.0,1.0,1.0,5
S2,3.0,DiscNRX,none,560,1.0,1.0,1.0,5
S2,3.0,DiscNRX,none,570,1.0,1.0,1.0,5
S2,3.0,DiscNRX,none,580,1.0,1.0,1.0,5
S2,3.0,DiscNRX,none,590,1.0,1.0,1.0,5
S2,3.0,DiscNRX,none,600,1.0,1.0,1.0,5
S2,3.0,DiscNRX,none,610,1.0,1.0,1.0,5
S2,3.0,DiscNRX,none,620,1.0,1.0,1.0,5
S2,3.0,DiscNRX,none,630,1.0,1.0,1.0,5
S2,3.0,DiscNRX,none,640,1.0,1.0,1.0,5
S2,3.0,DiscNRX,none,650,1.0,1.0,1.0,5
S2,3.0,DiscNRX,none,660,1.0,1.0,1.0,5
S2,3.0,DiscNRX,none,670,1.0,1.0,1.0,5
S2,3.0,DiscNRX,none,680,1.0,1.0,1.0,5
S2,3.0,DiscNRX,none,690,1.0,1.0,1.0,5
S2,3.0,DiscNRX,none,700,1.0,1.0,1.0,5
S2,3.0,DiscNRX,none,710,1.0,1.0,1.0,5
S2,3.0,DiscNRX,none,720,1.0,1.0,1.0,5
S2,3.0,DiscNRX,none,730,1.0,1.0,1.0,5
S2,3.0,DiscNRX,none,740,1.0,1.0,1.0,5
S2,3.0,DiscNRX,none,750,1.0,1.0,1.0,5
S2,3.0,DiscNRX,none,760,1.0,1.0,1.0,5
S2,3.0,DiscNRX,none,770,1.0,1.0,1.0,5
S2,3.0,DiscNRX,none,780,1.0,1.0,1.0,5
S2,3.0,DiscNRX,none,790,1.0,1.0,1.0,5
S2,3.0,DiscNRX,none,800,1.0,1.0,1.0,5
S2,3.0,DiscNRX,none,810,1.0,1.0,1.0,5
S2,3.0,DiscNRX,none,820,1.0,1.0,1.0,5
S2,3.0,DiscNRX,none,830,1.0,1.0,1.0,5
S2,3.0,DiscNRX,none,840,1.0,1.0,1.0,5
S2,3.0,DiscNRX,none,850,1.0,1.0,1.0,5
S2,3.0,DiscNRX,none,860,1.0,1.0,1.0,5
S2,3.0,DiscNRX,none,870,1.0,1.0,1.0,5
S2,3.0,DiscNRX,none,880,1.0,1.0,1.0,5
S2,3.0,DiscNRX,none,890,1.0,1.0,1.0,5
S2,3.0,DiscNRX,none,900,1.0,1.0,1.0,5
S2,3.0,DiscNRX,none,910,1.0,1.0,1.0,5
S2,3.0,DiscNRX,none,920,1.0,1.0,1.0,5
S2,3.0,DiscNRX,none,930,1.0,1.0,1.0,5
S2,3.0,DiscNRX,none,940,1.0,1.0,1.0,5
S2,3.0,DiscNRX,none,950,1.0,1.0,1.0,5
S2,3.0,DiscNRX,none,960,1.0,1.0,1.0,5
S2,3.0,DiscNRX,none,970,1.0,1.0,1.0,5
S2,3.0,DiscNRX,none,980,1.0,1.0,1.0,5
S2,3.0,DiscNRX,none,990,1.0,1.0,1.0,5
S2,3.0,DiscNRX,none,1000,1.0,1.0,1.0,5
S2,3.0,DiscNRX,ungated,50,1.0,1.0,1.0,5
S2,3.0,DiscNRX,ungated,60,1.0,1.0,1.0,5
S2,3.0,DiscNRX,ungated,70,1.0,1.0,1.0,5
S2,3.0,DiscNRX,ungated,80,1.0,1.0,1.0,5
S2,3.0,DiscNRX,ungated,90,1.0,1.0,1.0,5
S2,3.0,DiscNRX,ungated,100,1.0,1.0,1.0,5
S2,3.0,DiscNRX,ungated,110,1.0,1.0,1.0,5
S2,3.0,DiscNRX,ungated,120,1.0,1.0,1.0,5
S2,3.0,DiscNRX,ungated,130,1.0,1.0,1.0,5
S2,3.0,DiscNRX,ungated,140,1.0,1.0,1.0,5
S2,3.0,DiscNRX,ungated,150,1.0,1.0,1.0,5
S2,3.0,DiscNRX,ungated,160,1.0,1.0,1.0,5
S2,3.0,DiscNRX,ungated,170,1.0,1.0,1.0,5
S2,3.0,DiscNRX,ungated,180,1.0,1.0,1.0,5
S2,3.0,DiscNRX,ungated,190,1.0,1.0,1.0,5
S2,3.0,DiscNRX,ungated,200,1.0,1.0,1.0,5
S2,3.0,DiscNRX,ungated,210,1.0,1.0,1.0,5
S2,3.0,DiscNRX,ungated,220,1.0,1.0,1.0,5
S2,3.0,DiscNRX,ungated,230,1.0,1.0,1.0,5
S2,3.0,DiscNRX,ungated,240,1.0,1.0,1.0,5
S2,3.0,DiscNRX,ungated,250,1.0,1.0,1.0,5
S2,3.0,DiscNRX,ungated,260,1.0,1.0,1.0,5
S2,3.0,DiscNRX,ungated,270,1.0,1.0,1.0,5
S2,3.0,DiscNRX,ungated,280,1.0,1.0,1.0,5
S2,3.0,DiscNRX,ungated,290,1.0,1.0,1.0,5
S2,3.0,DiscNRX,ungated,300,1.0,1.0,1.0,5
S2,3.0,DiscNRX,ungated,310,1.0,1.0,1.0,5
S2,3.0,DiscNRX,ungated,320,1.0,1.0,1.0,5
S2,3.0,DiscNRX,ungated,330,1.0,1.0,1.0,5
S2,3.0,DiscNRX,ungated,340,1.0,1.0,1.0,5
S2,3.0,DiscNRX,ungated,350,1.0,1.0,1.0,5
S2,3.0,DiscNRX,ungated,360,1.0,1.0,1.0,5
S2,3.0,DiscNRX,ungated,370,1.0,1.0,1.0,5
S2,3.0,DiscNRX,ungated,380,1.0,1.0,1.0,5
S2,3.0,DiscNRX,ungated,390,1.0,1.0,1.0,5
S2,3.0,DiscNRX,ungated,400,1.0,1.0,1.0,5
S2,3.0,DiscNRX,ungated,410,1.0,1.0,1.0,5
S2,3.0,DiscNRX,ungated,420,1.0,1.0,1.0,5
S2,3.0,DiscNRX,ungated,430,1.0,1.0,1.0,5
S2,3.0,DiscNRX,ungated,440,1.0,1.0,1.0,5
S2,3.0,DiscNRX,ungated,450,1.0,1.0,1.0,5
S2,3.0,DiscNRX,ungated,460,1.0,1.0,1.0,5
S2,3.0,DiscNRX,ungated,470,1.0,1.0,1.0,5
S2,3.0,DiscNRX,ungated,480,1.0,1.0,1.0,5
S2,3.0,DiscNRX,ungated,490,1.0,1.0,1.0,5
S2,3.0,DiscNRX,ungated,500,1.0,1.0,1.0,5
S2,3.0,DiscNRX,ungated,510,1.0,1.0,1.0,5
S2,3.0,DiscNRX,ungated,520,1.0,1.0,1.0,5
S2,3.0,DiscNRX,ungated,530,1.0,1.0,1.0,5
S2,3.0,DiscNRX,ungated,540,1.0,1.0,1.0,5
S2,3.0,DiscNRX,ungated,550,1.0,1.0,1.0,5
S2,3.0,DiscNRX,ungated,560,1.0,1.0,1.0,5
S2,3.0,DiscNRX,ungated,570,1.0,1.0,1.0,5
S2,3.0,DiscNRX,ungated,580,1.0,1.0,1.0,5
S2,3.0,DiscNRX,ungated,590,1.0,1.0,1.0,5
S2,3.0,DiscNRX,ungated,600,1.0,1.0,1.0,5
S2,3.0,DiscNRX,ungated,610,1.0,1.0,1.0,5
S2,3.0,DiscNRX,ungated,620,1.0,1.0,1.0,5
S2,3.0,DiscNRX,ungated,630,1.0,1.0,1.0,5
S2,3.0,DiscNRX,ungated,640,1.0,1.0,1.0,5
S2,3.0,DiscNRX,ungated,650,1.0,1.0,1.0,5
S2,3.0,DiscNRX,ungated,660,1.0,1.0,1.0,5
S2,3.0,DiscNRX,ungated,670,1.0,1.0,1.0,5
S2,3.0,DiscNRX,ungated,680,1.0,1.0,1.0,5
S2,3.0,DiscNRX,ungated,690,1.0,1.0,1.0,5
S2,3.0,DiscNRX,ungated,700,1.0,1.0,1.0,5
S2,3.0,DiscNRX,ungated,710,1.0,1.0,1.0,5
S2,3.0,DiscNRX,ungated,720,1.0,1.0,1.0,5
S2,3.0,DiscNRX,ungated,730,1.0,1.0,1.0,5
S2,3.0,DiscNRX,ungated,740,1.0,1.0,1.0,5
S2,3.0,DiscNRX,ungated,750,1.0,1.0,1.0,5
S2,3.0,DiscNRX,ungated,760,1.0,1.0,1.0,5
S2,3.0,DiscNRX,ungated,770,1.0,1.0,1.0,5
S2,3.0,DiscNRX,ungated,780,1.0,1.0,1.0,5
S2,3.0,DiscNRX,ungated,790,1.0,1.0,1.0,5
S2,3.0,DiscNRX,ungated,800,1.0,1.0,1.0,5
S2,3.0,DiscNRX,ungated,810,1.0,1.0,1.0,5
S2,3.0,DiscNRX,ungated,820,1.0,1.0,1.0,5
S2,3.0,DiscNRX,ungated,830,1.0,1.0,1.0,5
S2,3.0,DiscNRX,ungated,840,1.0,1.0,1.0,5
S2,3.0,DiscNRX,ungated,850,1.0,1.0,1.0,5
S2,3.0,DiscNRX,ungated,860,1.0,1.0,1.0,5
S2,3.0,DiscNRX,ungated,870,1.0,1.0,1.0,5
S2,3.0,DiscNRX,ungated,880,1.0,1.0,1.0,5
S2,3.0,DiscNRX,ungated,890,1.0,1.0,1.0,5
S2,3.0,DiscNRX,ungated,900,1.0,1.0,1.0,5
S2,3.0,DiscNRX,ungated,910,1.0,1.0,1.0,5
S2,3.0,DiscNRX,ungated,920,1.0,1.0,1.0,5
S2,3.0,DiscNRX,ungated,930,1.0,1.0,1.0,5
S2,3.0,DiscNRX,ungated,940,1.0,1.0,1.0,5
S2,3.0,DiscNRX,ungated,950,1.0,1.0,1.0,5
S2,3.0,DiscNRX,ungated,960,1.0,1.0,1.0,5
S2,3.0,DiscNRX,ungated,970,1.0,1.0,1.0,5
S2,3.0,DiscNRX,ungated,980,1.0,1.0,1.0,5
S2,3.0,DiscNRX,ungated,990,1.0,1.0,1.0,5
S2,3.0,DiscNRX,ungated,1000,1.0,1.0,1.0,5
S2,3.0,DiscNRX,gated,50,1.0,1.0,1.0,5
S2,3.0,DiscNRX,gated,60,1.0,1.0,1.0,5
S2,3.0,DiscNRX,gated,70,1.0,1.0,1.0,5
S2,3.0,DiscNRX,gated,80,1.0,1.0,1.0,5
S2,3.0,DiscNRX,gated,90,1.0,1.0,1.0,5
S2,3.0,DiscNRX,gated,100,1.0,1.0,1.0,5
S2,3.0,DiscNRX,gated,110,1.0,1.0,1.0,5
S2,3.0,DiscNRX,gated,120,1.0,1.0,1.0,5
S2,3.0,DiscNRX,gated,130,1.0,1.0,1.0,5
S2,3.0,DiscNRX,gated,140,1.0,1.0,1.0,5
S2,3.0,DiscNRX,gated,150,1.0,1.0,1.0,5
S2,3.0,DiscNRX,gated,160,1.0,1.0,1.0,5
S2,3.0,DiscNRX,gated,170,1.0,1.0,1.0,5
S2,3.0,DiscNRX,gated,180,1.0,1.0,1.0,5
S2,3.0,DiscNRX,gated,190,1.0,1.0,1.0,5
S2,3.0,DiscNRX,gated,200,1.0,1.0,1.0,5
S2,3.0,DiscNRX,gated,210,1.0,1.0,1.0,5
S2,3.0,DiscNRX,gated,220,1.0,1.0,1.0,5
S2,3.0,DiscNRX,gated,230,1.0,1.0,1.0,5
S2,3.0,DiscNRX,gated,240,1.0,1.0,1.0,5
S2,3.0,DiscNRX,gated,250,1.0,1.0,1.0,5
S2,3.0,DiscNRX,gated,260,1.0,1.0,1.0,5
S2,3.0,DiscNRX,gated,270,1.0,1.0,1.0,5
S2,3.0,DiscNRX,gated,280,1.0,1.0,1.0,5
S2,3.0,DiscNRX,gated,290,1.0,1.0,1.0,5
S2,3.0,DiscNRX,gated,300,1.0,1.0,1.0,5
S2,3.0,DiscNRX,gated,310,1.0,1.0,1.0,5
S2,3.0,DiscNRX,gated,320,1.0,1.0,1.0,5
S2,3.0,DiscNRX,gated,330,1.0,1.0,1.0,5
S2,3.0,DiscNRX,gated,340,1.0,1.0,1.0,5
S2,3.0,DiscNRX,gated,350,1.0,1.0,1.0,5
S2,3.0,DiscNRX,gated,360,1.0,1.0,1.0,5
S2,3.0,DiscNRX,gated,370,1.0,1.0,1.0,5
S2,3.0,DiscNRX,gated,380,1.0,1.0,1.0,5
S2,3.0,DiscNRX,gated,390,1.0,1.0,1.0,5
S2,3.0,DiscNRX,gated,400,1.0,1.0,1.0,5
S2,3.0,DiscNRX,gated,410,1.0,1.0,1.0,5
S2,3.0,DiscNRX,gated,420,1.0,1.0,1.0,5
S2,3.0,DiscNRX,gated,430,1.0,1.0,1.0,5
S2,3.0,DiscNRX,gated,440,1.0,1.0,1.0,5
S2,3.0,DiscNRX,gated,450,1.0,1.0,1.0,5
S2,3.0,DiscNRX,gated,460,1.0,1.0,1.0,5
S2,3.0,DiscNRX,gated,470,1.0,1.0,1.0,5
S2,3.0,DiscNRX,gated,480,1.0,1.0,1.0,5
S2,3.0,DiscNRX,gated,490,1.0,1.0,1.0,5
S2,3.0,DiscNRX,gated,500,1.0,1.0,1.0,5
S2,3.0,DiscNRX,gated,510,1.0,1.0,1.0,5
S2,3.0,DiscNRX,gated,520,1.0,1.0,1.0,5
S2,3.0,DiscNRX,gated,530,1.0,1.0,1.0,5
S2,3.0,DiscNRX,gated,540,1.0,1.0,1.0,5
S2,3.0,DiscNRX,gated,550,1.0,1.0,1.0,5
S2,3.0,DiscNRX,gated,560,1.0,1.0,1.0,5
S2,3.0,DiscNRX,gated,570,1.0,1.0,1.0,5
S2,3.0,DiscNRX,gated,580,1.0,1.0,1.0,5
S2,3.0,DiscNRX,gated,590,1.0,1.0,1.0,5
S2,3.0,DiscNRX,gated,600,1.0,1.0,1.0,5
S2,3.0,DiscNRX,gated,610,1.0,1.0,1.0,5
S2,3.0,DiscNRX,gated,620,1.0,1.0,1.0,5
S2,3.0,DiscNRX,gated,630,1.0,1.0,1.0,5
S2,3.0,DiscNRX,gated,640,1.0,1.0,1.0,5
S2,3.0,DiscNRX,gated,650,1.0,1.0,1.0,5
S2,3.0,DiscNRX,gated,660,1.0,1.0,1.0,5
S2,3.0,DiscNRX,gated,670,1.0,1.0,1.0,5
S2,3.0,DiscNRX,gated,680,1.0,1.0,1.0,5
S2,3.0,DiscNRX,gated,690,1.0,1.0,1.0,5
S2,3.0,DiscNRX,gated,700,1.0,1.0,1.0,5
S2,3.0,DiscNRX,gated,710,1.0,1.0,1.0,5
S2,3.0,DiscNRX,gated,720,1.0,1.0,1.0,5
S2,3.0,DiscNRX,gated,730,1.0,1.0,1.0,5
S2,3.0,DiscNRX,gated,740,1.0,1.0,1.0,5
S2,3.0,DiscNRX,gated,750,1.0,1.0,1.0,5
S2,3.0,DiscNRX,gated,760,1.0,1.0,1.0,5
S2,3.0,DiscNRX,gated,770,1.0,1.0,1.0,5
S2,3.0,DiscNRX,gated,780,1.0,1.0,1.0,5
S2,3.0,DiscNRX,gated,790,1.0,1.0,1.0,5
S2,3.0,DiscNRX,gated,800,1.0,1.0,1.0,5
S2,3.0,DiscNRX,gated,810,1.0,1.0,1.0,5
S2,3.0,DiscNRX,gated,820,1.0,1.0,1.0,5
S2,3.0,DiscNRX,gated,830,1.0,1.0,1.0,5
S2,3.0,DiscNRX,gated,840,1.0,1.0,1.0,5
S2,3.0,DiscNRX,gated,850,1.0,1.0,1.0,5
S2,3.0,DiscNRX,gated,860,1.0,1.0,1.0,5
S2,3.0,DiscNRX,gated,870,1.0,1.0,1.0,5
S2,3.0,DiscNRX,gated,880,1.0,1.0,1.0,5
S2,3.0,DiscNRX,gated,890,1.0,1.0,1.0,5
S2,3.0,DiscNRX,gated,900,1.0,1.0,1.0,5
S2,3.0,DiscNRX,gated,910,1.0,1.0,1.0,5
S2,3.0,DiscNRX,gated,920,1.0,1.0,1.0,5
S2,3.0,DiscNRX,gated,930,1.0,1.0,1.0,5
S2,3.0,DiscNRX,gated,940,1.0,1.0,1.0,5
S2,3.0,DiscNRX,gated,950,1.0,1.0,1.0,5
S2,3.0,DiscNRX,gated,960,1.0,1.0,1.0,5
S2,3.0,DiscNRX,gated,970,1.0,1.0,1.0,5
S2,3.0,DiscNRX,gated,980,1.0,1.0,1.0,5
S2,3.0,DiscNRX,gated,990,1.0,1.0,1.0,5
S2,3.0,DiscNRX,gated,1000,1.0,1.0,1.0,5
S2,3.0,DiscNRX,trig,50,1.0,1.0,1.0,5
S2,3.0,DiscNRX,trig,60,1.0,1.0,1.0,5
S2,3.0,DiscNRX,trig,70,1.0,1.0,1.0,5
S2,3.0,DiscNRX,trig,80,1.0,1.0,1.0,5
S2,3.0,DiscNRX,trig,90,1.0,1.0,1.0,5
S2,3.0,DiscNRX,trig,100,1.0,1.0,1.0,5
S2,3.0,DiscNRX,trig,110,1.0,1.0,1.0,5
S2,3.0,DiscNRX,trig,120,1.0,1.0,1.0,5
S2,3.0,DiscNRX,trig,130,1.0,1.0,1.0,5
S2,3.0,DiscNRX,trig,140,1.0,1.0,1.0,5
S2,3.0,DiscNRX,trig,150,1.0,1.0,1.0,5
S2,3.0,DiscNRX,trig,160,1.0,1.0,1.0,5
S2,3.0,DiscNRX,trig,170,1.0,1.0,1.0,5
S2,3.0,DiscNRX,trig,180,1.0,1.0,1.0,5
S2,3.0,DiscNRX,trig,190,1.0,1.0,1.0,5
S2,3.0,DiscNRX,trig,200,1.0,1.0,1.0,5
S2,3.0,DiscNRX,trig,210,1.0,1.0,1.0,5
S2,3.0,DiscNRX,trig,220,1.0,1.0,1.0,5
S2,3.0,DiscNRX,trig,230,1.0,1.0,1.0,5
S2,3.0,DiscNRX,trig,240,1.0,1.0,1.0,5
S2,3.0,DiscNRX,trig,250,1.0,1.0,1.0,5
S2,3.0,DiscNRX,trig,260,1.0,1.0,1.0,5
S2,3.0,DiscNRX,trig,270,1.0,1.0,1.0,5
S2,3.0,DiscNRX,trig,280,1.0,1.0,1.0,5
S2,3.0,DiscNRX,trig,290,1.0,1.0,1.0,5
S2,3.0,DiscNRX,trig,300,1.0,1.0,1.0,5
S2,3.0,DiscNRX,trig,310,1.0,1.0,1.0,5
S2,3.0,DiscNRX,trig,320,1.0,1.0,1.0,5
S2,3.0,DiscNRX,trig,330,1.0,1.0,1.0,5
S2,3.0,DiscNRX,trig,340,1.0,1.0,1.0,5
S2,3.0,DiscNRX,trig,350,1.0,1.0,1.0,5
S2,3.0,DiscNRX,trig,360,1.0,1.0,1.0,5
S2,3.0,DiscNRX,trig,370,1.0,1.0,1.0,5
S2,3.0,DiscNRX,trig,380,1.0,1.0,1.0,5
S2,3.0,DiscNRX,trig,390,1.0,1.0,1.0,5
S2,3.0,DiscNRX,trig,400,1.0,1.0,1.0,5
S2,3.0,DiscNRX,trig,410,1.0,1.0,1.0,5
S2,3.0,DiscNRX,trig,420,1.0,1.0,1.0,5
S2,3.0,DiscNRX,trig,430,1.0,1.0,1.0,5
S2,3.0,DiscNRX,trig,440,1.0,1.0,1.0,5
S2,3.0,DiscNRX,trig,450,1.0,1.0,1.0,5
S2,3.0,DiscNRX,trig,460,1.0,1.0,1.0,5
S2,3.0,DiscNRX,trig,470,1.0,1.0,1.0,5
S2,3.0,DiscNRX,trig,480,1.0,1.0,1.0,5
S2,3.0,DiscNRX,trig,490,1.0,1.0,1.0,5
S2,3.0,DiscNRX,trig,500,1.0,1.0,1.0,5
S2,3.0,DiscNRX,trig,510,1.0,1.0,1.0,5
S2,3.0,DiscNRX,trig,520,1.0,1.0,1.0,5
S2,3.0,DiscNRX,trig,530,1.0,1.0,1.0,5
S2,3.0,DiscNRX,trig,540,1.0,1.0,1.0,5
S2,3.0,DiscNRX,trig,550,1.0,1.0,1.0,5
S2,3.0,DiscNRX,trig,560,1.0,1.0,1.0,5
S2,3.0,DiscNRX,trig,570,1.0,1.0,1.0,5
S2,3.0,DiscNRX,trig,580,1.0,1.0,1.0,5
S2,3.0,DiscNRX,trig,590,1.0,1.0,1.0,5
S2,3.0,DiscNRX,trig,600,1.0,1.0,1.0,5
S2,3.0,DiscNRX,trig,610,1.0,1.0,1.0,5
S2,3.0,DiscNRX,trig,620,1.0,1.0,1.0,5
S2,3.0,DiscNRX,trig,630,1.0,1.0,1.0,5
S2,3.0,DiscNRX,trig,640,1.0,1.0,1.0,5
S2,3.0,DiscNRX,trig,650,1.0,1.0,1.0,5
S2,3.0,DiscNRX,trig,660,1.0,1.0,1.0,5
S2,3.0,DiscNRX,trig,670,1.0,1.0,1.0,5
S2,3.0,DiscNRX,trig,680,1.0,1.0,1.0,5
S2,3.0,DiscNRX,trig,690,1.0,1.0,1.0,5
S2,3.0,DiscNRX,trig,700,1.0,1.0,1.0,5
S2,3.0,DiscNRX,trig,710,1.0,1.0,1.0,5
S2,3.0,DiscNRX,trig,720,1.0,1.0,1.0,5
S2,3.0,DiscNRX,trig,730,1.0,1.0,1.0,5
S2,3.0,DiscNRX,trig,740,1.0,1.0,1.0,5
S2,3.0,DiscNRX,trig,750,1.0,1.0,1.0,5
S2,3.0,DiscNRX,trig,760,1.0,1.0,1.0,5
S2,3.0,DiscNRX,trig,770,1.0,1.0,1.0,5
S2,3.0,DiscNRX,trig,780,1.0,1.0,1.0,5
S2,3.0,DiscNRX,trig,790,1.0,1.0,1.0,5
S2,3.0,DiscNRX,trig,800,1.0,1.0,1.0,5
S2,3.0,DiscNRX,trig,810,1.0,1.0,1.0,5
S2,3.0,DiscNRX,trig,820,1.0,1.0,1.0,5
S2,3.0,DiscNRX,trig,830,1.0,1.0,1.0,5
S2,3.0,DiscNRX,trig,840,1.0,1.0,1.0,5
S2,3.0,DiscNRX,trig,850,1.0,1.0,1.0,5
S2,3.0,DiscNRX,trig,860,1.0,1.0,1.0,5
S2,3.0,DiscNRX,trig,870,1.0,1.0,1.0,5
S2,3.0,DiscNRX,trig,880,1.0,1.0,1.0,5
S2,3.0,DiscNRX,trig,890,1.0,1.0,1.0,5
S2,3.0,DiscNRX,trig,900,1.0,1.0,1.0,5
S2,3.0,DiscNRX,trig,910,1.0,1.0,1.0,5
S2,3.0,DiscNRX,trig,920,1.0,1.0,1.0,5
S2,3.0,DiscNRX,trig,930,1.0,1.0,1.0,5
S2,3.0,DiscNRX,trig,940,1.0,1.0,1.0,5
S2,3.0,DiscNRX,trig,950,1.0,1.0,1.0,5
S2,3.0,DiscNRX,trig,960,1.0,1.0,1.0,5
S2,3.0,DiscNRX,trig,970,1.0,1.0,1.0,5
S2,3.0,DiscNRX,trig,980,1.0,1.0,1.0,5
S2,3.0,DiscNRX,trig,990,1.0,1.0,1.0,5
S2,3.0,DiscNRX,trig,1000,1.0,1.0,1.0,5
S2,5.0,AINR,none,50,0.4880000000000001,0.10585785790400332,0.8701421420959969,5
S2,5.0,AINR,none,60,0.45999999999999996,0.047812434461231734,0.8721875655387682,5
S2,5.0,AINR,none,70,0.4640000000000001,0.05997237988967202,0.8680276201103281,5
S2,5.0,AINR,none,80,0.48,0.0807321341622696,0.8792678658377304,5
S2,5.0,AINR,none,90,0.4800000000000001,0.0826675205747956,0.8773324794252046,5
S2,5.0,AINR,none,100,0.472,0.05735114602325131,0.8866488539767486,5
S2,5.0,AINR,none,110,0.488,0.0908227589004807,0.8851772410995193,5
S2,5.0,AINR,none,120,0.48,0.06968687603204671,0.8903131239679533,5
S2,5.0,AINR,none,130,0.4680000000000001,0.039455000978964094,0.8965449990210361,5
S2,5.0,AINR,none,140,0.4680000000000001,0.04343079325016763,0.8925692067498325,5
S2,5.0,AINR,none,150,0.4720000000000001,0.06296640278465526,0.8810335972153449,5
S2,5.0,AINR,none,160,0.472,0.07911584915949083,0.8648841508405092,5
S2,5.0,AINR,none,170,0.4720000000000001,0.07676838263748392,0.8672316173625163,5
S2,5.0,AINR,none,180,0.484,0.09872384610329671,0.8692761538967033,5
S2,5.0,AINR,none,190,0.4720000000000001,0.09636842196705053,0.8476315780329496,5
S2,5.0,AINR,none,200,0.4640000000000001,0.07513906363145739,0.8528609363685428,5
S2,5.0,AINR,none,210,0.44000000000000006,0.033461686022743686,0.8465383139772564,5
S2,5.0,AINR,none,220,0.45600000000000007,0.07963036117412375,0.8323696388258763,5
S2,5.0,AINR,none,230,0.4600000000000001,0.07090125241585266,0.8490987475841475,5
S2,5.0,AINR,none,240,0.4760000000000001,0.047886929527169,0.9041130704728312,5
S2,5.0,AINR,none,250,0.488,0.059095392793657664,0.9169046072063423,5
S2,5.0,AINR,none,260,0.5160000000000001,0.0803900082134208,0.9516099917865795,5
S2,5.0,AINR,none,270,0.4960000000000001,0.04508616742515559,0.9469138325748446,5
S2,5.0,AINR,none,280,0.4960000000000001,0.08366284724326495,0.9083371527567352,5
S2,5.0,AINR,none,290,0.508,0.14108881376974158,0.8749111862302584,5
S2,5.0,AINR,none,300,0.5,0.13166293340160373,0.8683370665983963,5
S2,5.0,AINR,none,310,0.512,0.18367436050207697,0.840325639497923,5
S2,5.0,AINR,none,320,0.5239999999999999,0.22734882610788443,0.8206511738921154,5
S2,5.0,AINR,none,330,0.5319999999999999,0.2022686498945218,0.861731350105478,5
S2,5.0,AINR,none,340,0.492,0.1409800284939991,0.8430199715060009,5
S2,5.0,AINR,none,350,0.496,0.16310434766850218,0.8288956523314979,5
S2,5.0,AINR,none,360,0.48,0.14636416742766856,0.8136358325723314,5
S2,5.0,AINR,none,370,0.45599999999999996,0.100701801038104,0.8112981989618959,5
S2,5.0,AINR,none,380,0.42799999999999994,0.0556663925450358,0.8003336074549641,5
S2,5.0,AINR,none,390,0.45200000000000007,0.07595820935378622,0.8280417906462139,5
S2,5.0,AINR,none,400,0.46799999999999997,0.09277908304755073,0.8432209169524492,5
S2,5.0,AINR,none,410,0.46799999999999997,0.08384593422670589,0.852154065773294,5
S2,5.0,AINR,none,420,0.4960000000000001,0.1237492161713426,0.8682507838286576,5
S2,5.0,AINR,none,430,0.4999999999999999,0.1457447529915215,0.8542552470084783,5
S2,5.0,AINR,none,440,0.504,0.1592732840926347,0.8487267159073653,5
S2,5.0,AINR,none,450,0.4960000000000001,0.1612569658248858,0.8307430341751144,5
S2,5.0,AINR,none,460,0.4960000000000001,0.12665974389075818,0.865340256109242,5
S2,5.0,AINR,none,470,0.4680000000000001,0.06734444479152757,0.8686555552084726,5
S2,5.0,AINR,none,480,0.496,0.09812466341601112,0.8938753365839889,5
S2,5.0,AINR,none,490,0.4960000000000001,0.105951457477302,0.8860485425226983,5
S2,5.0,AINR,none,500,0.4959999999999999,0.10793282019778361,0.8840671798022162,5
S2,5.0,AINR,none,510,0.5119999999999999,0.13842624164552375,0.885573758354476,5
S2,5.0,AINR,none,520,0.532,0.16677344703137054,0.8972265529686295,5
S2,5.0,AINR,none,530,0.516,0.17850485290883938,0.8534951470911607,5
S2,5.0,AINR,none,540,0.516,0.17577500137202356,0.8562249986279764,5
S2,5.0,AINR,none,550,0.508,0.17547505563686838,0.8405249443631316,5
S2,5.0,AINR,none,560,0.508,0.1820306823222701,0.8339693176777299,5
S2,5.0,AINR,none,570,0.52,0.1976452772938745,0.8423547227061255,5
S2,5.0,AINR,none,580,0.5359999999999999,0.19577500137202347,0.8762249986279764,5
S2,5.0,AINR,none,590,0.5399999999999999,0.2049807371703919,0.875019262829608,5
S2,5.0,AINR,none,600,0.5479999999999999,0.2067795277763097,0.8892204722236902,5
S2,5.0,AINR,none,610,0.5439999999999999,0.182677909972299,0.9053220900277008,5
S2,5.0,AINR,none,620,0.536,0.18026814019200632,0.8917318598079937,5
S2,5.0,AINR,none,630,0.5199999999999999,0.14502569557301043,0.8949743044269893,5
S2,5.0,AINR,none,640,0.512,0.11833180497347512,0.9056681950265248,5
S2,5.0,AINR,none,650,0.512,0.10108612443072662,0.9229138755692734,5
S2,5.0,AINR,none,660,0.4919999999999999,0.09211478881354551,0.8918852111864543,5
S2,5.0,AINR,none,670,0.4720000000000001,0.040944043697167865,0.9030559563028323,5
S2,5.0,AINR,none,680,0.476,0.054784818567966465,0.8972151814320335,5
S2,5.0,AINR,none,690,0.492,0.07660818027071697,0.907391819729283,5
S2,5.0,AINR,none,700,0.4800000000000001,0.05383602537698595,0.9061639746230142,5
S2,5.0,AINR,none,710,0.5159999999999999,0.11696388490202575,0.915036115097974,5
S2,5.0,AINR,none,720,0.5519999999999999,0.19187462706620867,0.9121253729337913,5
S2,5.0,AINR,none,730,0.5479999999999999,0.19654108875579657,0.8994589112442033,5
S2,5.0,AINR,none,740,0.564,0.22513717819633056,0.9028628218036694,5
S2,5.0,AINR,none,750,0.5479999999999999,0.21780140954378902,0.8781985904562108,5
S2,5.0,AINR,none,760,0.524,0.18468251165371324,0.8633174883462869,5
S2,5.0,AINR,none,770,0.492,0.1271958208895353,0.8568041791104647,5
S2,5.0,AINR,none,780,0.492,0.08675313118784711,0.8972468688121529,5
S2,5.0,AINR,none,790,0.45599999999999996,0.07313234743567876,0.8388676525643212,5
S2,5.0,AINR,none,800,0.492,0.13101942431139535,0.8529805756886046,5
S2,5.0,AINR,none,810,0.4879999999999999,0.12319582088953518,0.8528041791104646,5
S2,5.0,AINR,none,820,0.4800000000000001,0.13769685830088108,0.8223031416991191,5
S2,5.0,AINR,none,830,0.508,0.16904619609728105,0.8469538039027189,5
S2,5.0,AINR,none,840,0.5039999999999999,0.14097515742096317,0.8670248425790366,5
S2,5.0,AINR,none,850,0.476,0.1255074817919657,0.8264925182080343,5
S2,5.0,AINR,none,860,0.4640000000000001,0.10913599183816913,0.818864008161831,5
S2,5.0,AINR,none,870,0.5,0.12957602113963151,0.8704239788603685,5
S2,5.0,AINR,none,880,0.48,0.1562136430582593,0.8037863569417407,5
S2,5.0,AINR,none,890,0.476,0.14965252753423314,0.8023474724657669,5
S2,5.0,AINR,none,900,0.492,0.14987706528452044,0.8341229347154795,5
S2,5.0,AINR,none,910,0.492,0.1503279985696146,0.8336720014303853,5
S2,5.0,AINR,none,920,0.472,0.1227413038899024,0.8212586961100976,5
S2,5.0,AINR,none,930,0.48,0.09169452285889917,0.8683054771411007,5
S2,5.0,AINR,none,940,0.5,0.12543707727056397,0.874562922729436,5
S2,5.0,AINR,none,950,0.492,0.10544544805231582,0.8785545519476842,5
S2,5.0,AINR,none,960,0.496,0.100456439718076,0.8915435602819239,5
S2,5.0,AINR,none,970,0.508,0.10657557907722714,0.9094244209227729,5
S2,5.0,AINR,none,980,0.496,0.10595145747730189,0.886048542522698,5
S2,5.0,AINR,none,990,0.5199999999999999,0.1344838235565614,0.9055161764434384,5
S2,5.0,AINR,none,1000,0.5359999999999999,0.19396720438099074,0.878032795619009,5
S2,5.0,AINR,ungated,50,0.588,-0.046002926792918175,1.2220029267929182,5
S2,5.0,AINR,ungated,60,0.604,-0.06934375083069555,1.2773437508306955,5
S2,5.0,AINR,ungated,70,0.604,-0.06934375083069555,1.2773437508306955,5
S2,5.0,AINR,ungated,80,0.604,-0.06934375083069555,1.2773437508306955,5
S2,5.0,AINR,ungated,90,0.604,-0.06934375083069555,1.2773437508306955,5
S2,5.0,AINR,ungated,100,0.608,-0.05848563304509058,1.2744856330450904,5
S2,5.0,AINR,ungated,110,0.608,-0.05848563304509058,1.2744856330450904,5
S2,5.0,AINR,ungated,120,0.608,-0.05848563304509058,1.2744856330450904,5
S2,5.0,AINR,ungated,130,0.604,-0.06934375083069555,1.2773437508306955,5
S2,5.0,AINR,ungated,140,0.608,-0.058716915153952054,1.274716915153952,5
S2,5.0,AINR,ungated,150,0.604,-0.06934375083069555,1.2773437508306955,5
S2,5.0,AINR,ungated,160,0.604,-0.06934375083069555,1.2773437508306955,5
S2,5.0,AINR,ungated,170,0.604,-0.06934375083069555,1.2773437508306955,5
S2,5.0,AINR,ungated,180,0.604,-0.06934375083069555,1.2773437508306955,5
S2,5.0,AINR,ungated,190,0.6,-0.08008738065825571,1.2800873806582556,5
S2,5.0,AINR,ungated,200,0.6,-0.08008738065825571,1.2800873806582556,5
S2,5.0,AINR,ungated,210,0.6,-0.08008738065825571,1.2800873806582556,5
S2,5.0,AINR,ungated,220,0.6,-0.08008738065825571,1.2800873806582556,5
S2,5.0,AINR,ungated,230,0.6,-0.08008738065825571,1.2800873806582556,5
S2,5.0,AINR,ungated,240,0.6,-0.08008738065825571,1.2800873806582556,5
S2,5.0,AINR,ungated,250,0.6,-0.08008738065825571,1.2800873806582556,5
S2,5.0,AINR,ungated,260,0.6,-0.08008738065825571,1.2800873806582556,5
S2,5.0,AINR,ungated,270,0.6,-0.08008738065825571,1.2800873806582556,5
S2,5.0,AINR,ungated,280,0.6,-0.08008738065825571,1.2800873806582556,5
S2,5.0,AINR,ungated,290,0.6,-0.08008738065825571,1.2800873806582556,5
S2,5.0,AINR,ungated,300,0.6,-0.08008738065825571,1.2800873806582556,5
S2,5.0,AINR,ungated,310,0.6,-0.08008738065825571,1.2800873806582556,5
S2,5.0,AINR,ungated,320,0.6,-0.08008738065825571,1.2800873806582556,5
S2,5.0,AINR,ungated,330,0.6,-0.08008738065825571,1.2800873806582556,5
S2,5.0,AINR,ungated,340,0.6,-0.08008738065825571,1.2800873806582556,5
S2,5.0,AINR,ungated,350,0.6,-0.08008738065825571,1.2800873806582556,5
S2,5.0,AINR,ungated,360,0.6,-0.08008738065825571,1.2800873806582556,5
S2,5.0,AINR,ungated,370,0.6,-0.08008738065825571,1.2800873806582556,5
S2,5.0,AINR,ungated,380,0.6,-0.08008738065825571,1.2800873806582556,5
S2,5.0,AINR,ungated,390,0.6,-0.08008738065825571,1.2800873806582556,5
S2,5.0,AINR,ungated,400,0.6,-0.08008738065825571,1.2800873806582556,5
S2,5.0,AINR,ungated,410,0.6,-0.08008738065825571,1.2800873806582556,5
S2,5.0,AINR,ungated,420,0.6,-0.08008738065825571,1.2800873806582556,5
S2,5.0,AINR,ungated,430,0.6,-0.08008738065825571,1.2800873806582556,5
S2,5.0,AINR,ungated,440,0.6,-0.08008738065825571,1.2800873806582556,5
S2,5.0,AINR,ungated,450,0.604,-0.06934375083069555,1.2773437508306955,5
S2,5.0,AINR,ungated,460,0.604,-0.06934375083069555,1.2773437508306955,5
S2,5.0,AINR,ungated,470,0.604,-0.06934375083069555,1.2773437508306955,5
S2,5.0,AINR,ungated,480,0.604,-0.06934375083069555,1.2773437508306955,5
S2,5.0,AINR,ungated,490,0.604,-0.06934375083069555,1.2773437508306955,5
S2,5.0,AINR,ungated,500,0.6,-0.08008738065825571,1.2800873806582556,5
S2,5.0,AINR,ungated,510,0.6,-0.08008738065825571,1.2800873806582556,5
S2,5.0,AINR,ungated,520,0.6,-0.08008738065825571,1.2800873806582556,5
S2,5.0,AINR,ungated,530,0.6,-0.08008738065825571,1.2800873806582556,5
S2,5.0,AINR,ungated,540,0.6,-0.08008738065825571,1.2800873806582556,5
S2,5.0,AINR,ungated,550,0.6,-0.08008738065825571,1.2800873806582556,5
S2,5.0,AINR,ungated,560,0.6,-0.08008738065825571,1.2800873806582556,5
S2,5.0,AINR,ungated,570,0.6,-0.08008738065825571,1.2800873806582556,5
S2,5.0,AINR,ungated,580,0.6,-0.08008738065825571,1.2800873806582556,5
S2,5.0,AINR,ungated,590,0.6,-0.08008738065825571,1.2800873806582556,5
S2,5.0,AINR,ungated,600,0.6,-0.08008738065825571,1.2800873806582556,5
S2,5.0,AINR,ungated,610,0.6,-0.08008738065825571,1.2800873806582556,5
S2,5.0,AINR,ungated,620,0.6,-0.08008738065825571,1.2800873806582556,5
S2,5.0,AINR,ungated,630,0.6,-0.08008738065825571,1.2800873806582556,5
S2,5.0,AINR,ungated,640,0.6,-0.08008738065825571,1.2800873806582556,5
S2,5.0,AINR,ungated,650,0.6,-0.08008738065825571,1.2800873806582556,5
S2,5.0,AINR,ungated,660,0.6,-0.08008738065825571,1.2800873806582556,5
S2,5.0,AINR,ungated,670,0.6,-0.08008738065825571,1.2800873806582556,5
S2,5.0,AINR,ungated,680,0.6,-0.08008738065825571,1.2800873806582556,5
S2,5.0,AINR,ungated,690,0.6,-0.08008738065825571,1.2800873806582556,5
S2,5.0,AINR,ungated,700,0.6,-0.08008738065825571,1.2800873806582556,5
S2,5.0,AINR,ungated,710,0.6,-0.08008738065825571,1.2800873806582556,5
S2,5.0,AINR,ungated,720,0.6,-0.08008738065825571,1.2800873806582556,5
S2,5.0,AINR,ungated,730,0.6,-0.08008738065825571,1.2800873806582556,5
S2,5.0,AINR,ungated,740,0.6,-0.08008738065825571,1.2800873806582556,5
S2,5.0,AINR,ungated,750,0.6,-0.08008738065825571,1.2800873806582556,5
S2,5.0,AINR,ungated,760,0.6,-0.08008738065825571,1.2800873806582556,5
S2,5.0,AINR,ungated,770,0.6,-0.08008738065825571,1.2800873806582556,5
S2,5.0,AINR,ungated,780,0.6,-0.08008738065825571,1.2800873806582556,5
S2,5.0,AINR,ungated,790,0.6,-0.08008738065825571,1.2800873806582556,5
S2,5.0,AINR,ungated,800,0.6,-0.08008738065825571,1.2800873806582556,5
S2,5.0,AINR,ungated,810,0.6,-0.08008738065825571,1.2800873806582556,5
S2,5.0,AINR,ungated,820,0.6,-0.08008738065825571,1.2800873806582556,5
S2,5.0,AINR,ungated,830,0.6,-0.08008738065825571,1.2800873806582556,5
S2,5.0,AINR,ungated,840,0.6,-0.08008738065825571,1.2800873806582556,5
S2,5.0,AINR,ungated,850,0.6,-0.08008738065825571,1.2800873806582556,5
S2,5.0,AINR,ungated,860,0.6,-0.08008738065825571,1.2800873806582556,5
S2,5.0,AINR,ungated,870,0.6,-0.08008738065825571,1.2800873806582556,5
S2,5.0,AINR,ungated,880,0.6,-0.08008738065825571,1.2800873806582556,5
S2,5.0,AINR,ungated,890,0.6,-0.08008738065825571,1.2800873806582556,5
S2,5.0,AINR,ungated,900,0.6,-0.08008738065825571,1.2800873806582556,5
S2,5.0,AINR,ungated,910,0.6,-0.08008738065825571,1.2800873806582556,5
S2,5.0,AINR,ungated,920,0.6,-0.08008738065825571,1.2800873806582556,5
S2,5.0,AINR,ungated,930,0.6,-0.08008738065825571,1.2800873806582556,5
S2,5.0,AINR,ungated,940,0.6,-0.08008738065825571,1.2800873806582556,5
S2,5.0,AINR,ungated,950,0.6,-0.08008738065825571,1.2800873806582556,5
S2,5.0,AINR,ungated,960,0.6,-0.08008738065825571,1.2800873806582556,5
S2,5.0,AINR,ungated,970,0.6,-0.08008738065825571,1.2800873806582556,5
S2,5.0,AINR,ungated,980,0.6,-0.08008738065825571,1.2800873806582556,5
S2,5.0,AINR,ungated,990,0.6,-0.08008738065825571,1.2800873806582556,5
S2,5.0,AINR,ungated,1000,0.6,-0.08008738065825571,1.2800873806582556,5
S2,5.0,AINR,gated,50,0.20400000000000001,-0.26665453607043044,0.6746545360704305,5
S2,5.0,AINR,gated,60,0.16,-0.2704833144607698,0.5904833144607697,5
S2,5.0,AINR,gated,70,0.124,-0.20657190724073649,0.4545719072407365,5
S2,5.0,AINR,gated,80,0.096,-0.14309690354093468,0.3350969035409347,5
S2,5.0,AINR,gated,90,0.055999999999999994,-0.07231863034559563,0.18431863034559562,5
S2,5.0,AINR,gated,100,0.044,-0.039108050694685426,0.12710805069468542,5
S2,5.0,AINR,gated,110,0.024,-0.008378635694174068,0.05637863569417407,5
S2,5.0,AINR,gated,120,0.016,-0.0047770126736713485,0.03677701267367135,5
S2,5.0,AINR,gated,130,0.008,-0.005601747613165113,0.021601747613165113,5
S2,5.0,AINR,gated,140,0.008,-0.005601747613165113,0.021601747613165113,5
S2,5.0,AINR,gated,150,0.0,0.0,0.0,5
S2,5.0,AINR,gated,160,0.0,0.0,0.0,5
S2,5.0,AINR,gated,170,0.0,0.0,0.0,5
S2,5.0,AINR,gated,180,0.004,-0.0071057804207911735,0.015105780420791174,5
S2,5.0,AINR,gated,190,0.004,-0.0071057804207911735,0.015105780420791174,5
S2,5.0,AINR,gated,200,0.004,-0.0071057804207911735,0.015105780420791174,5
S2,5.0,AINR,gated,210,0.004,-0.0071057804207911735,0.015105780420791174,5
S2,5.0,AINR,gated,220,0.004,-0.0071057804207911735,0.015105780420791174,5
S2,5.0,AINR,gated,230,0.0,0.0,0.0,5
S2,5.0,AINR,gated,240,0.0,0.0,0.0,5
S2,5.0,AINR,gated,250,0.0,0.0,0.0,5
S2,5.0,AINR,gated,260,0.0,0.0,0.0,5
S2,5.0,AINR,gated,270,0.004,-0.0071057804207911735,0.015105780420791174,5
S2,5.0,AINR,gated,280,0.004,-0.0071057804207911735,0.015105780420791174,5
S2,5.0,AINR,gated,290,0.004,-0.0071057804207911735,0.015105780420791174,5
S2,5.0,AINR,gated,300,0.004,-0.0071057804207911735,0.015105780420791174,5
S2,5.0,AINR,gated,310,0.004,-0.0071057804207911735,0.015105780420791174,5
S2,5.0,AINR,gated,320,0.0,0.0,0.0,5
S2,5.0,AINR,gated,330,0.0,0.0,0.0,5
S2,5.0,AINR,gated,340,0.0,0.0,0.0,5
S2,5.0,AINR,gated,350,0.0,0.0,0.0,5
S2,5.0,AINR,gated,360,0.0,0.0,0.0,5
S2,5.0,AINR,gated,370,0.0,0.0,0.0,5
S2,5.0,AINR,gated,380,0.0,0.0,0.0,5
S2,5.0,AINR,gated,390,0.0,0.0,0.0,5
S2,5.0,AINR,gated,400,0.0,0.0,0.0,5
S2,5.0,AINR,gated,410,0.0,0.0,0.0,5
S2,5.0,AINR,gated,420,0.0,0.0,0.0,5
S2,5.0,AINR,gated,430,0.0,0.0,0.0,5
S2,5.0,AINR,gated,440,0.0,0.0,0.0,5
S2,5.0,AINR,gated,450,0.004,-0.0071057804207911735,0.015105780420791174,5
S2,5.0,AINR,gated,460,0.004,-0.0071057804207911735,0.015105780420791174,5
S2,5.0,AINR,gated,470,0.004,-0.0071057804207911735,0.015105780420791174,5
S2,5.0,AINR,gated,480,0.004,-0.0071057804207911735,0.015105780420791174,5
S2,5.0,AINR,gated,490,0.008,-0.005601747613165113,0.021601747613165113,5
S2,5.0,AINR,gated,500,0.004,-0.0071057804207911735,0.015105780420791174,5
S2,5.0,AINR,gated,510,0.004,-0.0071057804207911735,0.015105780420791174,5
S2,5.0,AINR,gated,520,0.004,-0.0071057804207911735,0.015105780420791174,5
S2,5.0,AINR,gated,530,0.004,-0.0071057804207911735,0.015105780420791174,5
S2,5.0,AINR,gated,540,0.0,0.0,0.0,5
S2,5.0,AINR,gated,550,0.0,0.0,0.0,5
S2,5.0,AINR,gated,560,0.0,0.0,0.0,5
S2,5.0,AINR,gated,570,0.0,0.0,0.0,5
S2,5.0,AINR,gated,580,0.0,0.0,0.0,5
S2,5.0,AINR,gated,590,0.0,0.0,0.0,5
S2,5.0,AINR,gated,600,0.0,0.0,0.0,5
S2,5.0,AINR,gated,610,0.0,0.0,0.0,5
S2,5.0,AINR,gated,620,0.0,0.0,0.0,5
S2,5.0,AINR,gated,630,0.0,0.0,0.0,5
S2,5.0,AINR,gated,640,0.0,0.0,0.0,5
S2,5.0,AINR,gated,650,0.0,0.0,0.0,5
S2,5.0,AINR,gated,660,0.0,0.0,0.0,5
S2,5.0,AINR,gated,670,0.0,0.0,0.0,5
S2,5.0,AINR,gated,680,0.0,0.0,0.0,5
S2,5.0,AINR,gated,690,0.0,0.0,0.0,5
S2,5.0,AINR,gated,700,0.0,0.0,0.0,5
S2,5.0,AINR,gated,710,0.0,0.0,0.0,5
S2,5.0,AINR,gated,720,0.0,0.0,0.0,5
S2,5.0,AINR,gated,730,0.0,0.0,0.0,5
S2,5.0,AINR,gated,740,0.0,0.0,0.0,5
S2,5.0,AINR,gated,750,0.0,0.0,0.0,5
S2,5.0,AINR,gated,760,0.0,0.0,0.0,5
S2,5.0,AINR,gated,770,0.0,0.0,0.0,5
S2,5.0,AINR,gated,780,0.0,0.0,0.0,5
S2,5.0,AINR,gated,790,0.0,0.0,0.0,5
S2,5.0,AINR,gated,800,0.0,0.0,0.0,5
S2,5.0,AINR,gated,810,0.0,0.0,0.0,5
S2,5.0,AINR,gated,820,0.0,0.0,0.0,5
S2,5.0,AINR,gated,830,0.004,-0.007105780420791172,0.015105780420791172,5
S2,5.0,AINR,gated,840,0.004,-0.007105780420791172,0.015105780420791172,5
S2,5.0,AINR,gated,850,0.004,-0.007105780420791172,0.015105780420791172,5
S2,5.0,AINR,gated,860,0.004,-0.007105780420791172,0.015105780420791172,5
S2,5.0,AINR,gated,870,0.004,-0.007105780420791172,0.015105780420791172,5
S2,5.0,AINR,gated,880,0.0,0.0,0.0,5
S2,5.0,AINR,gated,890,0.0,0.0,0.0,5
S2,5.0,AINR,gated,900,0.0,0.0,0.0,5
S2,5.0,AINR,gated,910,0.0,0.0,0.0,5
S2,5.0,AINR,gated,920,0.0,0.0,0.0,5
S2,5.0,AINR,gated,930,0.0,0.0,0.0,5
S2,5.0,AINR,gated,940,0.0,0.0,0.0,5
S2,5.0,AINR,gated,950,0.0,0.0,0.0,5
S2,5.0,AINR,gated,960,0.0,0.0,0.0,5
S2,5.0,AINR,gated,970,0.0,0.0,0.0,5
S2,5.0,AINR,gated,980,0.0,0.0,0.0,5
S2,5.0,AINR,gated,990,0.004,-0.007105780420791172,0.015105780420791172,5
S2,5.0,AINR,gated,1000,0.004,-0.007105780420791172,0.015105780420791172,5
S2,5.0,AINR,trig,50,0.22800000000000004,-0.23512569122717303,0.691125691227173,5
S2,5.0,AINR,trig,60,0.176,-0.24667672358005377,0.5986767235800537,5
S2,5.0,AINR,trig,70,0.128,-0.20032563949792304,0.45632563949792304,5
S2,5.0,AINR,trig,80,0.10400000000000001,-0.1311962029913336,0.33919620299133363,5
S2,5.0,AINR,trig,90,0.06,-0.06662537912333258,0.18662537912333257,5
S2,5.0,AINR,trig,100,0.044,-0.039108050694685426,0.12710805069468542,5
S2,5.0,AINR,trig,110,0.02,-0.010414432275832705,0.050414432275832706,5
S2,5.0,AINR,trig,120,0.016,-0.0047770126736713485,0.03677701267367135,5
S2,5.0,AINR,trig,130,0.004,-0.0071057804207911735,0.015105780420791174,5
S2,5.0,AINR,trig,140,0.004,-0.0071057804207911735,0.015105780420791174,5
S2,5.0,AINR,trig,150,0.0,0.0,0.0,5
S2,5.0,AINR,trig,160,0.0,0.0,0.0,5
S2,5.0,AINR,trig,170,0.004,-0.0071057804207911735,0.015105780420791174,5
S2,5.0,AINR,trig,180,0.008,-0.005601747613165113,0.021601747613165113,5
S2,5.0,AINR,trig,190,0.008,-0.005601747613165113,0.021601747613165113,5
S2,5.0,AINR,trig,200,0.008,-0.005601747613165113,0.021601747613165113,5
S2,5.0,AINR,trig,210,0.008,-0.005601747613165113,0.021601747613165113,5
S2,5.0,AINR,trig,220,0.004,-0.0071057804207911735,0.015105780420791174,5
S2,5.0,AINR,trig,230,0.0,0.0,0.0,5
S2,5.0,AINR,trig,240,0.0,0.0,0.0,5
S2,5.0,AINR,trig,250,0.0,0.0,0.0,5
S2,5.0,AINR,trig,260,0.0,0.0,0.0,5
S2,5.0,AINR,trig,270,0.004,-0.0071057804207911735,0.015105780420791174,5
S2,5.0,AINR,trig,280,0.004,-0.0071057804207911735,0.015105780420791174,5
S2,5.0,AINR,trig,290,0.004,-0.0071057804207911735,0.015105780420791174,5
S2,5.0,AINR,trig,300,0.004,-0.0071057804207911735,0.015105780420791174,5
S2,5.0,AINR,trig,310,0.004,-0.0071057804207911735,0.015105780420791174,5
S2,5.0,AINR,trig,320,0.0,0.0,0.0,5
S2,5.0,AINR,trig,330,0.0,0.0,0.0,5
S2,5.0,AINR,trig,340,0.0,0.0,0.0,5
S2,5.0,AINR,trig,350,0.0,0.0,0.0,5
S2,5.0,AINR,trig,360,0.0,0.0,0.0,5
S2,5.0,AINR,trig,370,0.0,0.0,0.0,5
S2,5.0,AINR,trig,380,0.0,0.0,0.0,5
S2,5.0,AINR,trig,390,0.0,0.0,0.0,5
S2,5.0,AINR,trig,400,0.0,0.0,0.0,5
S2,5.0,AINR,trig,410,0.0,0.0,0.0,5
S2,5.0,AINR,trig,420,0.0,0.0,0.0,5
S2,5.0,AINR,trig,430,0.0,0.0,0.0,5
S2,5.0,AINR,trig,440,0.0,0.0,0.0,5
S2,5.0,AINR,trig,450,0.004,-0.0071057804207911735,0.015105780420791174,5
S2,5.0,AINR,trig,460,0.004,-0.0071057804207911735,0.015105780420791174,5
S2,5.0,AINR,trig,470,0.004,-0.0071057804207911735,0.015105780420791174,5
S2,5.0,AINR,trig,480,0.004,-0.0071057804207911735,0.015105780420791174,5
S2,5.0,AINR,trig,490,0.004,-0.0071057804207911735,0.015105780420791174,5
S2,5.0,AINR,trig,500,0.0,0.0,0.0,5
S2,5.0,AINR,trig,510,0.0,0.0,0.0,5
S2,5.0,AINR,trig,520,0.0,0.0,0.0,5
S2,5.0,AINR,trig,530,0.0,0.0,0.0,5
S2,5.0,AINR,trig,540,0.0,0.0,0.0,5
S2,5.0,AINR,trig,550,0.0,0.0,0.0,5
S2,5.0,AINR,trig,560,0.0,0.0,0.0,5
S2,5.0,AINR,trig,570,0.0,0.0,0.0,5
S2,5.0,AINR,trig,580,0.0,0.0,0.0,5
S2,5.0,AINR,trig,590,0.0,0.0,0.0,5
S2,5.0,AINR,trig,600,0.0,0.0,0.0,5
S2,5.0,AINR,trig,610,0.0,0.0,0.0,5
S2,5.0,AINR,trig,620,0.0,0.0,0.0,5
S2,5.0,AINR,trig,630,0.0,0.0,0.0,5
S2,5.0,AINR,trig,640,0.0,0.0,0.0,5
S2,5.0,AINR,trig,650,0.0,0.0,0.0,5
S2,5.0,AINR,trig,660,0.0,0.0,0.0,5
S2,5.0,AINR,trig,670,0.0,0.0,0.0,5
S2,5.0,AINR,trig,680,0.0,0.0,0.0,5
S2,5.0,AINR,trig,690,0.0,0.0,0.0,5
S2,5.0,AINR,trig,700,0.0,0.0,0.0,5
S2,5.0,AINR,trig,710,0.0,0.0,0.0,5
S2,5.0,AINR,trig,720,0.0,0.0,0.0,5
S2,5.0,AINR,trig,730,0.0,0.0,0.0,5
S2,5.0,AINR,trig,740,0.0,0.0,0.0,5
S2,5.0,AINR,trig,750,0.0,0.0,0.0,5
S2,5.0,AINR,trig,760,0.0,0.0,0.0,5
S2,5.0,AINR,trig,770,0.0,0.0,0.0,5
S2,5.0,AINR,trig,780,0.0,0.0,0.0,5
S2,5.0,AINR,trig,790,0.0,0.0,0.0,5
S2,5.0,AINR,trig,800,0.0,0.0,0.0,5
S2,5.0,AINR,trig,810,0.0,0.0,0.0,5
S2,5.0,AINR,trig,820,0.0,0.0,0.0,5
S2,5.0,AINR,trig,830,0.004,-0.007105780420791172,0.015105780420791172,5
S2,5.0,AINR,trig,840,0.004,-0.007105780420791172,0.015105780420791172,5
S2,5.0,AINR,trig,850,0.004,-0.007105780420791172,0.015105780420791172,5
S2,5.0,AINR,trig,860,0.004,-0.007105780420791172,0.015105780420791172,5
S2,5.0,AINR,trig,870,0.008,-0.005601747613165113,0.021601747613165113,5
S2,5.0,AINR,trig,880,0.004,-0.0071057804207911735,0.015105780420791174,5
S2,5.0,AINR,trig,890,0.004,-0.0071057804207911735,0.015105780420791174,5
S2,5.0,AINR,trig,900,0.004,-0.0071057804207911735,0.015105780420791174,5
S2,5.0,AINR,trig,910,0.004,-0.0071057804207911735,0.015105780420791174,5
S2,5.0,AINR,trig,920,0.0,0.0,0.0,5
S2,5.0,AINR,trig,930,0.0,0.0,0.0,5
S2,5.0,AINR,trig,940,0.0,0.0,0.0,5
S2,5.0,AINR,trig,950,0.0,0.0,0.0,5
S2,5.0,AINR,trig,960,0.0,0.0,0.0,5
S2,5.0,AINR,trig,970,0.0,0.0,0.0,5
S2,5.0,AINR,trig,980,0.0,0.0,0.0,5
S2,5.0,AINR,trig,990,0.004,-0.007105780420791172,0.015105780420791172,5
S2,5.0,AINR,trig,1000,0.004,-0.007105780420791172,0.015105780420791172,5
S2,5.0,DiscNRX,none,50,0.776,0.5724276822806638,0.9795723177193363,5
S2,5.0,DiscNRX,none,60,0.7799999999999999,0.5759737858025232,0.9840262141974766,5
S2,5.0,DiscNRX,none,70,0.772,0.5439931619114018,1.0000068380885982,5
S2,5.0,DiscNRX,none,80,0.792,0.5882762710899887,0.9957237289100114,5
S2,5.0,DiscNRX,none,90,0.78,0.5551250856821071,1.004874914317893,5
S2,5.0,DiscNRX,none,100,0.764,0.5581682088882196,0.9698317911117804,5
S2,5.0,DiscNRX,none,110,0.752,0.5623868897543408,0.9416131102456592,5
S2,5.0,DiscNRX,none,120,0.736,0.5331864337754121,0.9388135662245879,5
S2,5.0,DiscNRX,none,130,0.72,0.49997657894835323,0.9400234210516467,5
S2,5.0,DiscNRX,none,140,0.712,0.5060184585656738,0.9179815414343261,5
S2,5.0,DiscNRX,none,150,0.7120000000000001,0.4867141046855975,0.9372858953144027,5
S2,5.0,DiscNRX,none,160,0.7280000000000001,0.498644795112615,0.9573552048873852,5
S2,5.0,DiscNRX,none,170,0.74,0.515125085682107,0.964874914317893,5
S2,5.0,DiscNRX,none,180,0.768,0.5759631044103928,0.9600368955896073,5
S2,5.0,DiscNRX,none,190,0.752,0.5559900544560836,0.9480099455439164,5
S2,5.0,DiscNRX,none,200,0.7639999999999999,0.6055722372606126,0.9224277627393872,5
S2,5.0,DiscNRX,none,210,0.744,0.558663190614439,0.929336809385561,5
S2,5.0,DiscNRX,none,220,0.732,0.5490072012292944,0.9149927987707056,5
S2,5.0,DiscNRX,none,230,0.6759999999999999,0.4356169284732446,0.9163830715267552,5
S2,5.0,DiscNRX,none,240,0.7080000000000001,0.4726727319647849,0.9433272680352153,5
S2,5.0,DiscNRX,none,250,0.6799999999999999,0.39904350941277344,0.9609564905872264,5
S2,5.0,DiscNRX,none,260,0.704,0.4363069174659991,0.9716930825340009,5
S2,5.0,DiscNRX,none,270,0.704,0.39965298190244036,1.0083470180975596,5
S2,5.0,DiscNRX,none,280,0.744,0.46337294844409954,1.0246270515559004,5
S2,5.0,DiscNRX,none,290,0.724,0.43524970905942945,1.0127502909405706,5
S2,5.0,DiscNRX,none,300,0.708,0.42344485152690525,0.9925551484730947,5
S2,5.0,DiscNRX,none,310,0.684,0.4298983848769301,0.93810161512307,5
S2,5.0,DiscNRX,none,320,0.7,0.47581172824477935,0.9241882717552206,5
S2,5.0,DiscNRX,none,330,0.716,0.5013680429317934,0.9306319570682066,5
S2,5.0,DiscNRX,none,340,0.724,0.5058060347320215,0.9421939652679785,5
S2,5.0,DiscNRX,none,350,0.7679999999999999,0.5743641018264746,0.9616358981735252,5
S2,5.0,DiscNRX,none,360,0.7879999999999999,0.6041666235450618,0.9718333764549381,5
S2,5.0,DiscNRX,none,370,0.764,0.5906999989705691,0.9373000010294309,5
S2,5.0,DiscNRX,none,380,0.744,0.5216069203849044,0.9663930796150956,5
S2,5.0,DiscNRX,none,390,0.752,0.5294683145256306,0.9745316854743694,5
S2,5.0,DiscNRX,none,400,0.74,0.5199765789483533,0.9600234210516467,5
S2,5.0,DiscNRX,none,410,0.712,0.4753660741256821,0.9486339258743178,5
S2,5.0,DiscNRX,none,420,0.72,0.4818075462420752,0.9581924537579247,5
S2,5.0,DiscNRX,none,430,0.74,0.5492519571983124,0.9307480428016875,5
S2,5.0,DiscNRX,none,440,0.7400000000000001,0.5566705076625947,0.9233294923374055,5
S2,5.0,DiscNRX,none,450,0.74,0.5492519571983124,0.9307480428016875,5
S2,5.0,DiscNRX,none,460,0.752,0.5552050695545839,0.9487949304454161,5
S2,5.0,DiscNRX,none,470,0.756,0.5570235864221591,0.9549764135778409,5
S2,5.0,DiscNRX,none,480,0.712,0.4651616941702822,0.9588383058297177,5
S2,5.0,DiscNRX,none,490,0.728,0.5054683145256306,0.9505316854743694,5
S2,5.0,DiscNRX,none,500,0.728,0.48367283074259415,0.9723271692574058,5
S2,5.0,DiscNRX,none,510,0.72,0.499276979659671,0.940723020340329,5
S2,5.0,DiscNRX,none,520,0.736,0.5220875620772804,0.9499124379227196,5
S2,5.0,DiscNRX,none,530,0.7639999999999999,0.5786631906144389,0.9493368093855609,5
S2,5.0,DiscNRX,none,540,0.752,0.5423094544427518,0.9616905455572482,5
S2,5.0,DiscNRX,none,550,0.7639999999999999,0.5689362061379287,0.9590637938620711,5
S2,5.0,DiscNRX,none,560,0.784,0.5781682088882196,0.9898317911117804,5
S2,5.0,DiscNRX,none,570,0.772,0.5543720381893582,0.9896279618106418,5
S2,5.0,DiscNRX,none,580,0.776,0.5501672934557051,1.001832706544295,5
S2,5.0,DiscNRX,none,590,0.772,0.5366727319647848,1.0073272680352152,5
S2,5.0,DiscNRX,none,600,0.76,0.5337580523349972,0.9862419476650028,5
S2,5.0,DiscNRX,none,610,0.756,0.5201492001318891,0.9918507998681109,5
S2,5.0,DiscNRX,none,620,0.768,0.5313660741256822,1.0046339258743178,5
S2,5.0,DiscNRX,none,630,0.772,0.5373287891878704,1.0066712108121296,5
S2,5.0,DiscNRX,none,640,0.76,0.5427975087073771,0.9772024912926229,5
S2,5.0,DiscNRX,none,650,0.776,0.5613680429317934,0.9906319570682066,5
S2,5.0,DiscNRX,none,660,0.776,0.559936192783931,0.992063807216069,5
S2,5.0,DiscNRX,none,670,0.7719999999999999,0.5608440938787869,0.983155906121213,5
S2,5.0,DiscNRX,none,680,0.764,0.5529901720049677,0.9750098279950323,5
S2,5.0,DiscNRX,none,690,0.776,0.5585137692117573,0.9934862307882427,5
S2,5.0,DiscNRX,none,700,0.752,0.522644795112615,0.981355204887385,5
S2,5.0,DiscNRX,none,710,0.756,0.5194964150476472,0.9925035849523528,5
S2,5.0,DiscNRX,none,720,0.752,0.5064140528631348,0.9975859471368652,5
S2,5.0,DiscNRX,none,730,0.756,0.5274528605896152,0.9845471394103849,5
S2,5.0,DiscNRX,none,740,0.7719999999999999,0.5630459883151095,0.9809540116848903,5
S2,5.0,DiscNRX,none,750,0.76,0.5684454079653491,0.9515545920346509,5
S2,5.0,DiscNRX,none,760,0.764,0.5705234074052097,0.9574765925947903,5
S2,5.0,DiscNRX,none,770,0.756,0.5593618158402627,0.9526381841597373,5
S2,5.0,DiscNRX,none,780,0.7200000000000001,0.4792324178491436,0.9607675821508566,5
S2,5.0,DiscNRX,none,790,0.704,0.462337605593234,0.9456623944067659,5
S2,5.0,DiscNRX,none,800,0.7040000000000001,0.4427189605600943,0.9652810394399058,5
S2,5.0,DiscNRX,none,810,0.688,0.4178988352422724,0.9581011647577276,5
S2,5.0,DiscNRX,none,820,0.684,0.42212955976726846,0.9458704402327316,5
S2,5.0,DiscNRX,none,830,0.7080000000000001,0.4726727319647849,0.9433272680352153,5
S2,5.0,DiscNRX,none,840,0.7120000000000001,0.48130430909375765,0.9426956909062425,5
S2,5.0,DiscNRX,none,850,0.736,0.5271936068511505,0.9448063931488495,5
S2,5.0,DiscNRX,none,860,0.744,0.527936192783931,0.960063807216069,5
S2,5.0,DiscNRX,none,870,0.756,0.5601474289861078,0.9518525710138922,5
S2,5.0,DiscNRX,none,880,0.748,0.5383094544427518,0.9576905455572482,5
S2,5.0,DiscNRX,none,890,0.76,0.544937486918197,0.975062513081803,5
S2,5.0,DiscNRX,none,900,0.756,0.504950400670072,1.007049599329928,5
S2,5.0,DiscNRX,none,910,0.76,0.527705936461481,0.992294063538519,5
S2,5.0,DiscNRX,none,920,0.76,0.5385795908118578,0.9814204091881422,5
S2,5.0,DiscNRX,none,930,0.7719999999999999,0.5413043090937575,1.0026956909062423,5
S2,5.0,DiscNRX,none,940,0.776,0.5571005884515656,0.9948994115484344,5
S2,5.0,DiscNRX,none,950,0.776,0.5739480345360426,0.9780519654639575,5
S2,5.0,DiscNRX,none,960,0.776,0.5923344313175559,0.9596655686824441,5
S2,5.0,DiscNRX,none,970,0.784,0.5970068859369579,0.9709931140630421,5
S2,5.0,DiscNRX,none,980,0.772,0.5890072012292944,0.9549927987707056,5
S2,5.0,DiscNRX,none,990,0.744,0.5389186007084101,0.9490813992915899,5
S2,5.0,DiscNRX,none,1000,0.74,0.507705936461481,0.972294063538519,5
S2,5.0,DiscNRX,ungated,50,0.8,0.24471097896044125,1.355289021039559,5
S2,5.0,DiscNRX,ungated,60,0.8,0.24471097896044125,1.355289021039559,5
S2,5.0,DiscNRX,ungated,70,0.8,0.24471097896044125,1.355289021039559,5
S2,5.0,DiscNRX,ungated,80,0.8039999999999999,0.2598167593812325,1.3481832406187673,5
S2,5.0,DiscNRX,ungated,90,0.8039999999999999,0.2598167593812325,1.3481832406187673,5
S2,5.0,DiscNRX,ungated,100,0.8039999999999999,0.2598167593812325,1.3481832406187673,5
S2,5.0,DiscNRX,ungated,110,0.8039999999999999,0.2598167593812325,1.3481832406187673,5
S2,5.0,DiscNRX,ungated,120,0.8039999999999999,0.2598167593812325,1.3481832406187673,5
S2,5.0,DiscNRX,ungated,130,0.8,0.24471097896044125,1.355289021039559,5
S2,5.0,DiscNRX,ungated,140,0.8,0.24471097896044125,1.355289021039559,5
S2,5.0,DiscNRX,ungated,150,0.8,0.24471097896044125,1.355289021039559,5
S2,5.0,DiscNRX,ungated,160,0.8,0.24471097896044125,1.355289021039559,5
S2,5.0,DiscNRX,ungated,170,0.8,0.24471097896044125,1.355289021039559,5
S2,5.0,DiscNRX,ungated,180,0.8,0.24471097896044125,1.355289021039559,5
S2,5.0,DiscNRX,ungated,190,0.8,0.24471097896044125,1.355289021039559,5
S2,5.0,DiscNRX,ungated,200,0.8,0.24471097896044125,1.355289021039559,5
S2,5.0,DiscNRX,ungated,210,0.8,0.24471097896044125,1.355289021039559,5
S2,5.0,DiscNRX,ungated,220,0.8,0.24471097896044125,1.355289021039559,5
S2,5.0,DiscNRX,ungated,230,0.8,0.24471097896044125,1.355289021039559,5
S2,5.0,DiscNRX,ungated,240,0.8039999999999999,0.2598167593812325,1.3481832406187673,5
S2,5.0,DiscNRX,ungated,250,0.8039999999999999,0.2598167593812325,1.3481832406187673,5
S2,5.0,DiscNRX,ungated,260,0.8039999999999999,0.2598167593812325,1.3481832406187673,5
S2,5.0,DiscNRX,ungated,270,0.8039999999999999,0.2598167593812325,1.3481832406187673,5
S2,5.0,DiscNRX,ungated,280,0.8039999999999999,0.2598167593812325,1.3481832406187673,5
S2,5.0,DiscNRX,ungated,290,0.8,0.24471097896044125,1.355289021039559,5
S2,5.0,DiscNRX,ungated,300,0.8,0.24471097896044125,1.355289021039559,5
S2,5.0,DiscNRX,ungated,310,0.8,0.24471097896044125,1.355289021039559,5
S2,5.0,DiscNRX,ungated,320,0.8,0.24471097896044125,1.355289021039559,5
S2,5.0,DiscNRX,ungated,330,0.8,0.24471097896044125,1.355289021039559,5
S2,5.0,DiscNRX,ungated,340,0.8,0.24471097896044125,1.355289021039559,5
S2,5.0,DiscNRX,ungated,350,0.8,0.24471097896044125,1.355289021039559,5
S2,5.0,DiscNRX,ungated,360,0.8,0.24471097896044125,1.355289021039559,5
S2,5.0,DiscNRX,ungated,370,0.8,0.24471097896044125,1.355289021039559,5
S2,5.0,DiscNRX,ungated,380,0.8,0.24471097896044125,1.355289021039559,5
S2,5.0,DiscNRX,ungated,390,0.8,0.24471097896044125,1.355289021039559,5
S2,5.0,DiscNRX,ungated,400,0.8,0.24471097896044125,1.355289021039559,5
S2,5.0,DiscNRX,ungated,410,0.8,0.24471097896044125,1.355289021039559,5
S2,5.0,DiscNRX,ungated,420,0.8,0.24471097896044125,1.355289021039559,5
S2,5.0,DiscNRX,ungated,430,0.8,0.24471097896044125,1.355289021039559,5
S2,5.0,DiscNRX,ungated,440,0.8,0.24471097896044125,1.355289021039559,5
S2,5.0,DiscNRX,ungated,450,0.8,0.24471097896044125,1.355289021039559,5
S2,5.0,DiscNRX,ungated,460,0.8,0.24471097896044125,1.355289021039559,5
S2,5.0,DiscNRX,ungated,470,0.8,0.24471097896044125,1.355289021039559,5
S2,5.0,DiscNRX,ungated,480,0.8,0.24471097896044125,1.355289021039559,5
S2,5.0,DiscNRX,ungated,490,0.8,0.24471097896044125,1.355289021039559,5
S2,5.0,DiscNRX,ungated,500,0.8,0.24471097896044125,1.355289021039559,5
S2,5.0,DiscNRX,ungated,510,0.8,0.24471097896044125,1.355289021039559,5
S2,5.0,DiscNRX,ungated,520,0.8,0.24471097896044125,1.355289021039559,5
S2,5.0,DiscNRX,ungated,530,0.8,0.24471097896044125,1.355289021039559,5
S2,5.0,DiscNRX,ungated,540,0.8,0.24471097896044125,1.355289021039559,5
S2,5.0,DiscNRX,ungated,550,0.8,0.24471097896044125,1.355289021039559,5
S2,5.0,DiscNRX,ungated,560,0.8,0.24471097896044125,1.355289021039559,5
S2,5.0,DiscNRX,ungated,570,0.8,0.24471097896044125,1.355289021039559,5
S2,5.0,DiscNRX,ungated,580,0.8,0.24471097896044125,1.355289021039559,5
S2,5.0,DiscNRX,ungated,590,0.8,0.24471097896044125,1.355289021039559,5
S2,5.0,DiscNRX,ungated,600,0.8,0.24471097896044125,1.355289021039559,5
S2,5.0,DiscNRX,ungated,610,0.8,0.24471097896044125,1.355289021039559,5
S2,5.0,DiscNRX,ungated,620,0.8,0.24471097896044125,1.355289021039559,5
S2,5.0,DiscNRX,ungated,630,0.8,0.24471097896044125,1.355289021039559,5
S2,5.0,DiscNRX,ungated,640,0.8,0.24471097896044125,1.355289021039559,5
S2,5.0,DiscNRX,ungated,650,0.8,0.24471097896044125,1.355289021039559,5
S2,5.0,DiscNRX,ungated,660,0.8,0.24471097896044125,1.355289021039559,5
S2,5.0,DiscNRX,ungated,670,0.8,0.24471097896044125,1.355289021039559,5
S2,5.0,DiscNRX,ungated,680,0.8,0.24471097896044125,1.355289021039559,5
S2,5.0,DiscNRX,ungated,690,0.8,0.24471097896044125,1.355289021039559,5
S2,5.0,DiscNRX,ungated,700,0.8,0.24471097896044125,1.355289021039559,5
S2,5.0,DiscNRX,ungated,710,0.8,0.24471097896044125,1.355289021039559,5
S2,5.0,DiscNRX,ungated,720,0.8,0.24471097896044125,1.355289021039559,5
S2,5.0,DiscNRX,ungated,730,0.8,0.24471097896044125,1.355289021039559,5
S2,5.0,DiscNRX,ungated,740,0.8,0.24471097896044125,1.355289021039559,5
S2,5.0,DiscNRX,ungated,750,0.8,0.24471097896044125,1.355289021039559,5
S2,5.0,DiscNRX,ungated,760,0.8,0.24471097896044125,1.355289021039559,5
S2,5.0,DiscNRX,ungated,770,0.8,0.24471097896044125,1.355289021039559,5
S2,5.0,DiscNRX,ungated,780,0.8,0.24471097896044125,1.355289021039559,5
S2,5.0,DiscNRX,ungated,790,0.8,0.24471097896044125,1.355289021039559,5
S2,5.0,DiscNRX,ungated,800,0.8,0.24471097896044125,1.355289021039559,5
S2,5.0,DiscNRX,ungated,810,0.8,0.24471097896044125,1.355289021039559,5
S2,5.0,DiscNRX,ungated,820,0.8,0.24471097896044125,1.355289021039559,5
S2,5.0,DiscNRX,ungated,830,0.8,0.24471097896044125,1.355289021039559,5
S2,5.0,DiscNRX,ungated,840,0.8,0.24471097896044125,1.355289021039559,5
S2,5.0,DiscNRX,ungated,850,0.8,0.24471097896044125,1.355289021039559,5
S2,5.0,DiscNRX,ungated,860,0.8,0.24471097896044125,1.355289021039559,5
S2,5.0,DiscNRX,ungated,870,0.8,0.24471097896044125,1.355289021039559,5
S2,5.0,DiscNRX,ungated,880,0.8,0.24471097896044125,1.355289021039559,5
S2,5.0,DiscNRX,ungated,890,0.8,0.24471097896044125,1.355289021039559,5
S2,5.0,DiscNRX,ungated,900,0.8,0.24471097896044125,1.355289021039559,5
S2,5.0,DiscNRX,ungated,910,0.8,0.24471097896044125,1.355289021039559,5
S2,5.0,DiscNRX,ungated,920,0.8,0.24471097896044125,1.355289021039559,5
S2,5.0,DiscNRX,ungated,930,0.8,0.24471097896044125,1.355289021039559,5
S2,5.0,DiscNRX,ungated,940,0.8,0.24471097896044125,1.355289021039559,5
S2,5.0,DiscNRX,ungated,950,0.8,0.24471097896044125,1.355289021039559,5
S2,5.0,DiscNRX,ungated,960,0.8,0.24471097896044125,1.355289021039559,5
S2,5.0,DiscNRX,ungated,970,0.8,0.24471097896044125,1.355289021039559,5
S2,5.0,DiscNRX,ungated,980,0.8,0.24471097896044125,1.355289021039559,5
S2,5.0,DiscNRX,ungated,990,0.8,0.24471097896044125,1.355289021039559,5
S2,5.0,DiscNRX,ungated,1000,0.8,0.24471097896044125,1.355289021039559,5
S2,5.0,DiscNRX,gated,50,0.172,-0.07794175063266379,0.42194175063266376,5
S2,5.0,DiscNRX,gated,60,0.08,-0.08750963141480401,0.24750963141480403,5
S2,5.0,DiscNRX,gated,70,0.032,-0.04373132563278903,0.10773132563278903,5
S2,5.0,DiscNRX,gated,80,0.012,-0.001601747613165113,0.025601747613165114,5
S2,5.0,DiscNRX,gated,90,0.008,-0.005601747613165113,0.021601747613165113,5
S2,5.0,DiscNRX,gated,100,0.012,-0.001601747613165113,0.025601747613165114,5
S2,5.0,DiscNRX,gated,110,0.008,-0.005601747613165113,0.021601747613165113,5
S2,5.0,DiscNRX,gated,120,0.008,-0.005601747613165113,0.021601747613165113,5
S2,5.0,DiscNRX,gated,130,0.004,-0.0071057804207911735,0.015105780420791174,5
S2,5.0,DiscNRX,gated,140,0.004,-0.0071057804207911735,0.015105780420791174,5
S2,5.0,DiscNRX,gated,150,0.0,0.0,0.0,5
S2,5.0,DiscNRX,gated,160,0.0,0.0,0.0,5
S2,5.0,DiscNRX,gated,170,0.0,0.0,0.0,5
S2,5.0,DiscNRX,gated,180,0.004,-0.0071057804207911735,0.015105780420791174,5
S2,5.0,DiscNRX,gated,190,0.004,-0.0071057804207911735,0.015105780420791174,5
S2,5.0,DiscNRX,gated,200,0.004,-0.0071057804207911735,0.015105780420791174,5
S2,5.0,DiscNRX,gated,210,0.004,-0.0071057804207911735,0.015105780420791174,5
S2,5.0,DiscNRX,gated,220,0.004,-0.0071057804207911735,0.015105780420791174,5
S2,5.0,DiscNRX,gated,230,0.0,0.0,0.0,5
S2,5.0,DiscNRX,gated,240,0.004,-0.0071057804207911735,0.015105780420791174,5
S2,5.0,DiscNRX,gated,250,0.004,-0.0071057804207911735,0.015105780420791174,5
S2,5.0,DiscNRX,gated,260,0.004,-0.0071057804207911735,0.015105780420791174,5
S2,5.0,DiscNRX,gated,270,0.004,-0.0071057804207911735,0.015105780420791174,5
S2,5.0,DiscNRX,gated,280,0.004,-0.0071057804207911735,0.015105780420791174,5
S2,5.0,DiscNRX,gated,290,0.0,0.0,0.0,5
S2,5.0,DiscNRX,gated,300,0.0,0.0,0.0,5
S2,5.0,DiscNRX,gated,310,0.0,0.0,0.0,5
S2,5.0,DiscNRX,gated,320,0.0,0.0,0.0,5
S2,5.0,DiscNRX,gated,330,0.0,0.0,0.0,5
S2,5.0,DiscNRX,gated,340,0.0,0.0,0.0,5
S2,5.0,DiscNRX,gated,350,0.0,0.0,0.0,5
S2,5.0,DiscNRX,gated,360,0.0,0.0,0.0,5
S2,5.0,DiscNRX,gated,370,0.0,0.0,0.0,5
S2,5.0,DiscNRX,gated,380,0.0,0.0,0.0,5
S2,5.0,DiscNRX,gated,390,0.0,0.0,0.0,5
S2,5.0,DiscNRX,gated,400,0.0,0.0,0.0,5
S2,5.0,DiscNRX,gated,410,0.0,0.0,0.0,5
S2,5.0,DiscNRX,gated,420,0.0,0.0,0.0,5
S2,5.0,DiscNRX,gated,430,0.0,0.0,0.0,5
S2,5.0,DiscNRX,gated,440,0.0,0.0,0.0,5
S2,5.0,DiscNRX,gated,450,0.004,-0.0071057804207911735,0.015105780420791174,5
S2,5.0,DiscNRX,gated,460,0.004,-0.0071057804207911735,0.015105780420791174,5
S2,5.0,DiscNRX,gated,470,0.004,-0.0071057804207911735,0.015105780420791174,5
S2,5.0,DiscNRX,gated,480,0.004,-0.0071057804207911735,0.015105780420791174,5
S2,5.0,DiscNRX,gated,490,0.004,-0.0071057804207911735,0.015105780420791174,5
S2,5.0,DiscNRX,gated,500,0.0,0.0,0.0,5
S2,5.0,DiscNRX,gated,510,0.0,0.0,0.0,5
S2,5.0,DiscNRX,gated,520,0.0,0.0,0.0,5
S2,5.0,DiscNRX,gated,530,0.0,0.0,0.0,5
S2,5.0,DiscNRX,gated,540,0.0,0.0,0.0,5
S2,5.0,DiscNRX,gated,550,0.0,0.0,0.0,5
S2,5.0,DiscNRX,gated,560,0.0,0.0,0.0,5
S2,5.0,DiscNRX,gated,570,0.0,0.0,0.0,5
S2,5.0,DiscNRX,gated,580,0.0,0.0,0.0,5
S2,5.0,DiscNRX,gated,590,0.0,0.0,0.0,5
S2,5.0,DiscNRX,gated,600,0.0,0.0,0.0,5
S2,5.0,DiscNRX,gated,610,0.0,0.0,0.0,5
S2,5.0,DiscNRX,gated,620,0.0,0.0,0.0,5
S2,5.0,DiscNRX,gated,630,0.0,0.0,0.0,5
S2,5.0,DiscNRX,gated,640,0.0,0.0,0.0,5
S2,5.0,DiscNRX,gated,650,0.0,0.0,0.0,5
S2,5.0,DiscNRX,gated,660,0.0,0.0,0.0,5
S2,5.0,DiscNRX,gated,670,0.0,0.0,0.0,5
S2,5.0,DiscNRX,gated,680,0.0,0.0,0.0,5
S2,5.0,DiscNRX,gated,690,0.0,0.0,0.0,5
S2,5.0,DiscNRX,gated,700,0.0,0.0,0.0,5
S2,5.0,DiscNRX,gated,710,0.0,0.0,0.0,5
S2,5.0,DiscNRX,gated,720,0.0,0.0,0.0,5
S2,5.0,DiscNRX,gated,730,0.0,0.0,0.0,5
S2,5.0,DiscNRX,gated,740,0.0,0.0,0.0,5
S2,5.0,DiscNRX,gated,750,0.0,0.0,0.0,5
S2,5.0,DiscNRX,gated,760,0.0,0.0,0.0,5
S2,5.0,DiscNRX,gated,770,0.0,0.0,0.0,5
S2,5.0,DiscNRX,gated,780,0.0,0.0,0.0,5
S2,5.0,DiscNRX,gated,790,0.0,0.0,0.0,5
S2,5.0,DiscNRX,gated,800,0.0,0.0,0.0,5
S2,5.0,DiscNRX,gated,810,0.0,0.0,0.0,5
S2,5.0,DiscNRX,gated,820,0.0,0.0,0.0,5
S2,5.0,DiscNRX,gated,830,0.004,-0.007105780420791172,0.015105780420791172,5
S2,5.0,DiscNRX,gated,840,0.004,-0.007105780420791172,0.015105780420791172,5
S2,5.0,DiscNRX,gated,850,0.004,-0.007105780420791172,0.015105780420791172,5
S2,5.0,DiscNRX,gated,860,0.004,-0.007105780420791172,0.015105780420791172,5
S2,5.0,DiscNRX,gated,870,0.004,-0.007105780420791172,0.015105780420791172,5
S2,5.0,DiscNRX,gated,880,0.0,0.0,0.0,5
S2,5.0,DiscNRX,gated,890,0.0,0.0,0.0,5
S2,5.0,DiscNRX,gated,900,0.0,0.0,0.0,5
S2,5.0,DiscNRX,gated,910,0.0,0.0,0.0,5
S2,5.0,DiscNRX,gated,920,0.0,0.0,0.0,5
S2,5.0,DiscNRX,gated,930,0.0,0.0,0.0,5
S2,5.0,DiscNRX,gated,940,0.0,0.0,0.0,5
S2,5.0,DiscNRX,gated,950,0.0,0.0,0.0,5
S2,5.0,DiscNRX,gated,960,0.0,0.0,0.0,5
S2,5.0,DiscNRX,gated,970,0.0,0.0,0.0,5
S2,5.0,DiscNRX,gated,980,0.0,0.0,0.0,5
S2,5.0,DiscNRX,gated,990,0.004,-0.007105780420791172,0.015105780420791172,5
S2,5.0,DiscNRX,gated,1000,0.004,-0.007105780420791172,0.015105780420791172,5
S2,5.0,DiscNRX,trig,50,0.18,-0.0786717217333478,0.4386717217333478,5
S2,5.0,DiscNRX,trig,60,0.092,-0.09597989196522694,0.27997989196522693,5
S2,5.0,DiscNRX,trig,70,0.048,-0.04590789450823739,0.14190789450823738,5
S2,5.0,DiscNRX,trig,80,0.032,0.003685704460354565,0.060314295539645436,5
S2,5.0,DiscNRX,trig,90,0.024,0.0032229873263286517,0.044777012673671346,5
S2,5.0,DiscNRX,trig,100,0.024,-0.003203495226330226,0.05120349522633023,5
S2,5.0,DiscNRX,trig,110,0.016,-0.016378635694174068,0.04837863569417407,5
S2,5.0,DiscNRX,trig,120,0.012,-0.010211560841582347,0.03421156084158235,5
S2,5.0,DiscNRX,trig,130,0.004,-0.0071057804207911735,0.015105780420791174,5
S2,5.0,DiscNRX,trig,140,0.004,-0.0071057804207911735,0.015105780420791174,5
S2,5.0,DiscNRX,trig,150,0.004,-0.007105780420791172,0.015105780420791172,5
S2,5.0,DiscNRX,trig,160,0.004,-0.007105780420791172,0.015105780420791172,5
S2,5.0,DiscNRX,trig,170,0.004,-0.007105780420791172,0.015105780420791172,5
S2,5.0,DiscNRX,trig,180,0.008,-0.005601747613165113,0.021601747613165113,5
S2,5.0,DiscNRX,trig,190,0.008,-0.005601747613165113,0.021601747613165113,5
S2,5.0,DiscNRX,trig,200,0.004,-0.0071057804207911735,0.015105780420791174,5
S2,5.0,DiscNRX,trig,210,0.004,-0.0071057804207911735,0.015105780420791174,5
S2,5.0,DiscNRX,trig,220,0.004,-0.0071057804207911735,0.015105780420791174,5
S2,5.0,DiscNRX,trig,230,0.0,0.0,0.0,5
S2,5.0,DiscNRX,trig,240,0.004,-0.0071057804207911735,0.015105780420791174,5
S2,5.0,DiscNRX,trig,250,0.004,-0.0071057804207911735,0.015105780420791174,5
S2,5.0,DiscNRX,trig,260,0.008,-0.005601747613165113,0.021601747613165113,5
S2,5.0,DiscNRX,trig,270,0.008,-0.005601747613165113,0.021601747613165113,5
S2,5.0,DiscNRX,trig,280,0.008,-0.005601747613165113,0.021601747613165113,5
S2,5.0,DiscNRX,trig,290,0.004,-0.0071057804207911735,0.015105780420791174,5
S2,5.0,DiscNRX,trig,300,0.004,-0.0071057804207911735,0.015105780420791174,5
S2,5.0,DiscNRX,trig,310,0.0,0.0,0.0,5
S2,5.0,DiscNRX,trig,320,0.0,0.0,0.0,5
S2,5.0,DiscNRX,trig,330,0.0,0.0,0.0,5
S2,5.0,DiscNRX,trig,340,0.0,0.0,0.0,5
S2,5.0,DiscNRX,trig,350,0.0,0.0,0.0,5
S2,5.0,DiscNRX,trig,360,0.0,0.0,0.0,5
S2,5.0,DiscNRX,trig,370,0.0,0.0,0.0,5
S2,5.0,DiscNRX,trig,380,0.0,0.0,0.0,5
S2,5.0,DiscNRX,trig,390,0.0,0.0,0.0,5
S2,5.0,DiscNRX,trig,400,0.0,0.0,0.0,5
S2,5.0,DiscNRX,trig,410,0.0,0.0,0.0,5
S2,5.0,DiscNRX,trig,420,0.0,0.0,0.0,5
S2,5.0,DiscNRX,trig,430,0.0,0.0,0.0,5
S2,5.0,DiscNRX,trig,440,0.0,0.0,0.0,5
S2,5.0,DiscNRX,trig,450,0.004,-0.0071057804207911735,0.015105780420791174,5
S2,5.0,DiscNRX,trig,460,0.004,-0.0071057804207911735,0.015105780420791174,5
S2,5.0,DiscNRX,trig,470,0.004,-0.0071057804207911735,0.015105780420791174,5
S2,5.0,DiscNRX,trig,480,0.004,-0.0071057804207911735,0.015105780420791174,5
S2,5.0,DiscNRX,trig,490,0.004,-0.0071057804207911735,0.015105780420791174,5
S2,5.0,DiscNRX,trig,500,0.0,0.0,0.0,5
S2,5.0,DiscNRX,trig,510,0.0,0.0,0.0,5
S2,5.0,DiscNRX,trig,520,0.0,0.0,0.0,5
S2,5.0,DiscNRX,trig,530,0.0,0.0,0.0,5
S2,5.0,DiscNRX,trig,540,0.0,0.0,0.0,5
S2,5.0,DiscNRX,trig,550,0.0,0.0,0.0,5
S2,5.0,DiscNRX,trig,560,0.0,0.0,0.0,5
S2,5.0,DiscNRX,trig,570,0.0,0.0,0.0,5
S2,5.0,DiscNRX,trig,580,0.0,0.0,0.0,5
S2,5.0,DiscNRX,trig,590,0.0,0.0,0.0,5
S2,5.0,DiscNRX,trig,600,0.0,0.0,0.0,5
S2,5.0,DiscNRX,trig,610,0.0,0.0,0.0,5
S2,5.0,DiscNRX,trig,620,0.0,0.0,0.0,5
S2,5.0,DiscNRX,trig,630,0.0,0.0,0.0,5
S2,5.0,DiscNRX,trig,640,0.0,0.0,0.0,5
S2,5.0,DiscNRX,trig,650,0.0,0.0,0.0,5
S2,5.0,DiscNRX,trig,660,0.004,-0.0071057804207911735,0.015105780420791174,5
S2,5.0,DiscNRX,trig,670,0.004,-0.0071057804207911735,0.015105780420791174,5
S2,5.0,DiscNRX,trig,680,0.004,-0.0071057804207911735,0.015105780420791174,5
S2,5.0,DiscNRX,trig,690,0.004,-0.0071057804207911735,0.015105780420791174,5
S2,5.0,DiscNRX,trig,700,0.004,-0.0071057804207911735,0.015105780420791174,5
S2,5.0,DiscNRX,trig,710,0.0,0.0,0.0,5
S2,5.0,DiscNRX,trig,720,0.0,0.0,0.0,5
S2,5.0,DiscNRX,trig,730,0.0,0.0,0.0,5
S2,5.0,DiscNRX,trig,740,0.0,0.0,0.0,5
S2,5.0,DiscNRX,trig,750,0.0,0.0,0.0,5
S2,5.0,DiscNRX,trig,760,0.0,0.0,0.0,5
S2,5.0,DiscNRX,trig,770,0.0,0.0,0.0,5
S2,5.0,DiscNRX,trig,780,0.0,0.0,0.0,5
S2,5.0,DiscNRX,trig,790,0.0,0.0,0.0,5
S2,5.0,DiscNRX,trig,800,0.0,0.0,0.0,5
S2,5.0,DiscNRX,trig,810,0.0,0.0,0.0,5
S2,5.0,DiscNRX,trig,820,0.0,0.0,0.0,5
S2,5.0,DiscNRX,trig,830,0.004,-0.007105780420791172,0.015105780420791172,5
S2,5.0,DiscNRX,trig,840,0.004,-0.007105780420791172,0.015105780420791172,5
S2,5.0,DiscNRX,trig,850,0.004,-0.007105780420791172,0.015105780420791172,5
S2,5.0,DiscNRX,trig,860,0.004,-0.007105780420791172,0.015105780420791172,5
S2,5.0,DiscNRX,trig,870,0.008,-0.005601747613165113,0.021601747613165113,5
S2,5.0,DiscNRX,trig,880,0.004,-0.0071057804207911735,0.015105780420791174,5
S2,5.0,DiscNRX,trig,890,0.004,-0.0071057804207911735,0.015105780420791174,5
S2,5.0,DiscNRX,trig,900,0.004,-0.0071057804207911735,0.015105780420791174,5
S2,5.0,DiscNRX,trig,910,0.004,-0.0071057804207911735,0.015105780420791174,5
S2,5.0,DiscNRX,trig,920,0.0,0.0,0.0,5
S2,5.0,DiscNRX,trig,930,0.0,0.0,0.0,5
S2,5.0,DiscNRX,trig,940,0.0,0.0,0.0,5
S2,5.0,DiscNRX,trig,950,0.0,0.0,0.0,5
S2,5.0,DiscNRX,trig,960,0.0,0.0,0.0,5
S2,5.0,DiscNRX,trig,970,0.0,0.0,0.0,5
S2,5.0,DiscNRX,trig,980,0.0,0.0,0.0,5
S2,5.0,DiscNRX,trig,990,0.004,-0.007105780420791172,0.015105780420791172,5
S2,5.0,DiscNRX,trig,1000,0.004,-0.007105780420791172,0.015105780420791172,5
