step,n_seeds,ce,ce_lo,ce_hi,kl_channel,kl_channel_lo,kl_channel_hi,kl_noise,kl_noise_lo,kl_noise_hi,expected_ll,expected_ll_lo,expected_ll_hi,neg_ell
1,5,3021.21,2782.7,3178.69,154.065,136.201,194.188,2.08778,0.782976,3.30124,-1.112e+07,-1.54337e+07,-7.75556e+06,1.112e+07
500,5,591.678,405.346,734.543,434.697,423.088,444.57,0.194631,0.168004,0.202033,-230715,-366427,-153014,230715
1000,5,525.571,392.87,796.668,487.781,455.372,500.716,0.0122526,0.00941819,0.0152735,-136123,-211145,-94407.9,136123
1500,5,608.394,511.736,758.727,294.294,290.461,298.475,6.63959,6.62776,6.6526,-12262.5,-12509.9,-12106.8,12262.5
2000,5,436.777,363.611,500.048,293.836,287.802,301.144,6.90526,6.88081,6.92043,-11978.1,-12030.5,-11945.2,11978.1
2500,5,490.32,445.361,541.574,292.933,286.856,299.982,7.10434,7.08332,7.12669,-11959.6,-12103.6,-11874.5,11959.6
3000,5,422.069,310.464,629.079,293.582,291.077,300.176,7.27321,7.25752,7.29196,-11875.8,-12071.7,-11707,11875.8
3500,5,374.772,285.806,495.506,292.925,288.628,298.917,7.41873,7.39788,7.44824,-11863.1,-12030.8,-11739.1,11863.1
4000,5,444.536,314.948,514.217,291.469,288.107,294.006,7.54184,7.53001,7.57029,-11891.1,-11979.2,-11795.2,11891.1
4500,5,368.921,231.714,529.617,293.054,290.057,294.869,7.65378,7.62495,7.68433,-11802.4,-11976.5,-11649.1,11802.4
5000,5,332.59,268.762,390.825,290.367,288.221,292.099,7.75598,7.7408,7.77719,-11771.5,-11819.2,-11716,11771.5
5500,5,460.49,342.095,551.324,289.728,287.779,292.701,7.8473,7.8093,7.88334,-11902.6,-11992.8,-11671.5,11902.6
6000,5,512.507,428.885,591.214,290.212,289.136,292.631,7.91965,7.89267,7.93383,-11945.4,-12014.2,-11883.5,11945.4
6500,5,483.988,399.799,586.448,289.119,287.043,290.707,7.98287,7.95905,8.01309,-11943.2,-12085.1,-11872.8,11943.2
7000,5,464.647,234.104,655.609,292.303,289.884,298.028,8.04388,8.02329,8.07942,-11876.3,-12085.6,-11654.9,11876.3
7500,5,515.167,390.132,740.935,289.207,286.38,291.648,8.108,8.09264,8.12179,-11934.6,-12266.7,-11784.2,11934.6
8000,5,433.717,373.225,524.475,291.351,288.217,296.34,8.17472,8.16753,8.18939,-11877.5,-12029.3,-11771.8,11877.5
8500,5,474.164,374.897,615.254,290.632,288.041,294.328,8.22829,8.18242,8.26218,-11913,-12054.9,-11765.7,11913
9000,5,498.88,422.999,568.918,289.694,288.716,291.478,8.27384,8.24084,8.29309,-11927.2,-12015.1,-11791.7,11927.2
9500,5,456.013,319.313,594.796,290.167,287.07,292.671,8.30076,8.26321,8.32492,-11886.4,-12015.9,-11718.2,11886.4
10000,5,436.731,318.37,489.611,290.573,288.982,292.011,8.33136,8.26879,8.3673,-11841.1,-11967.6,-11710.7,11841.1
10500,5,484.881,397.874,639.623,290.117,287.934,291.692,8.36183,8.28743,8.41238,-11922.1,-12052,-11826.4,11922.1
11000,5,424.941,337.219,547.485,291.141,289.677,294.037,8.39203,8.32968,8.42755,-11852.2,-11984.3,-11773.1,11852.2
11500,5,429.111,361.432,498.562,288.259,287.509,289.207,8.4282,8.36609,8.46434,-11880.3,-11970.4,-11756.5,11880.3
12000,5,538.39,362.899,636.272,290.252,287.436,293.026,8.45909,8.40798,8.50068,-12026.6,-12174.9,-11844.6,12026.6
12500,5,483.419,401.51,556.149,289.651,288.202,290.533,8.47591,8.43371,8.53142,-11923.8,-12021,-11801.3,11923.8
13000,5,391.219,279.571,509.575,291.188,287.32,293.275,8.49444,8.45961,8.53413,-11778.9,-11925.5,-11676.7,11778.9
13500,5,429.98,286.183,562.407,290.021,287.4,292.474,8.52593,8.48401,8.57011,-11833,-12039.2,-11707.9,11833
14000,5,498.811,361.056,605.687,289.647,287.278,292.392,8.54571,8.5136,8.59622,-11952.1,-12104.3,-11762.5,11952.1
14500,5,485.279,360.625,569.775,290.076,288.432,291.48,8.56056,8.5427,8.60227,-11893.6,-11971.8,-11793.2,11893.6
15000,5,542.666,382.93,654.216,290.331,288.977,291.429,8.56207,8.51333,8.61938,-11964.3,-12081,-11815.4,11964.3
15500,5,392.28,300.019,456.146,289.854,287.826,292.758,8.57066,8.50566,8.62039,-11855.6,-11903,-11817.6,11855.6
16000,5,475.02,308.898,653.987,290.686,287.91,292.685,8.5758,8.50224,8.64586,-11929.7,-12113.6,-11703.9,11929.7
16500,5,436.933,297.217,674.369,290.057,288.242,291.609,8.60489,8.54071,8.6587,-11857.7,-12116.9,-11743.7,11857.7
17000,5,396.168,314.093,457,290.669,289.606,291.992,8.6233,8.55827,8.68445,-11854.6,-12019.5,-11721.5,11854.6
17500,5,400.46,330.576,512.817,290.285,288.491,291.986,8.64336,8.61386,8.67436,-11837.8,-11999.1,-11771.4,11837.8
18000,5,476.141,305.128,695.02,289.596,288.127,291.72,8.64954,8.622,8.69769,-11912.4,-12201.7,-11713.3,11912.4
18500,5,448.444,299.919,578.218,289.009,286.091,291.952,8.65753,8.6414,8.6987,-11877.4,-12060.4,-11751.7,11877.4
19000,5,404.681,231.832,667.741,291.388,290.23,292.819,8.66467,8.63283,8.69797,-11839.3,-12142.4,-11598.4,11839.3
19500,5,469.534,368.022,641.401,290.258,287.429,292.039,8.6661,8.63941,8.69416,-11870.4,-12074.4,-11724.8,11870.4
20000,5,491.942,409.287,623.285,290.957,289.615,291.843,8.67158,8.63748,8.68985,-11906.5,-12013.7,-11835.7,11906.5
20500,5,509.625,399.397,601.173,289.502,287.445,290.641,8.66824,8.63194,8.68613,-11961,-12078.4,-11845.2,11961
21000,5,424.079,326.922,541.098,290.988,290.413,291.869,8.66331,8.63608,8.68992,-11842,-11962.3,-11726.1,11842
21500,5,453.885,341.743,634.95,290.469,290.07,291.186,8.67584,8.64439,8.70055,-11891.5,-12160.1,-11720.2,11891.5
22000,5,417.047,379.031,467.081,290.569,289.664,291.903,8.67569,8.63737,8.70454,-11859.4,-11911.7,-11803.8,11859.4
22500,5,458.294,373.43,618.736,290.083,288.716,291.003,8.6846,8.65741,8.71195,-11929.5,-12151.8,-11780.2,11929.5
23000,5,395.355,274.086,594.885,290.19,288.662,291.23,8.69391,8.66631,8.7262,-11815.1,-12047.2,-11645.9,11815.1
23500,5,397.066,287.304,448.896,289.543,287.971,291.261,8.69855,8.67056,8.73558,-11789.3,-11895.1,-11671.4,11789.3
24000,5,513.217,431.134,693.567,289.925,289.569,290.469,8.7051,8.67998,8.74186,-11974.6,-12176.4,-11865.1,11974.6
24500,5,400.36,191.15,646.106,289.119,286.66,290.589,8.70772,8.68481,8.73952,-11851.6,-12103.7,-11628.2,11851.6
25000,5,473.536,418.387,522.07,289.576,288.382,291.433,8.70508,8.67092,8.73684,-11908.1,-11990.1,-11785.7,11908.1
25500,5,466.931,288.75,720.318,289.705,289.002,290.2,8.70253,8.66525,8.73689,-11878.8,-12131.8,-11703.5,11878.8
26000,5,357.891,221.245,451.658,290.349,288.943,292.338,8.70415,8.66431,8.73428,-11781,-11920.9,-11573.5,11781
26500,5,336.031,195.918,698.626,290.134,289.404,290.987,8.70379,8.67195,8.73742,-11768,-12158.4,-11616.5,11768
27000,5,429.883,354.121,505.103,289.727,288.811,290.601,8.70105,8.6766,8.72263,-11858.8,-11929.5,-11761.5,11858.8
27500,5,463.47,312.609,597.611,290.097,288.393,291.539,8.70635,8.68206,8.73317,-11930,-12065.8,-11756.3,11930
28000,5,466.555,360.628,542.594,289.482,288.689,290.148,8.71155,8.68796,8.73463,-11907.6,-11966.6,-11801.6,11907.6
28500,5,371.212,283.641,477.453,290.476,289.487,291.548,8.71571,8.68934,8.73507,-11811.2,-11882.1,-11691.4,11811.2
29000,5,489.487,451.194,546.294,289.685,289.023,290.615,8.7061,8.68833,8.72281,-11962.3,-12103.3,-11901.7,11962.3
29500,5,364.905,282.366,400.507,290.781,289.636,292.234,8.71123,8.68625,8.73192,-11812.8,-11905.4,-11743.5,11812.8
30000,5,384.443,334.738,426.219,289.917,288.881,291.648,8.70713,8.68659,8.73114,-11854.2,-11927.6,-11702.4,11854.2
30500,5,373.687,249.841,632.744,289.98,288.905,291.347,8.70669,8.67813,8.72108,-11788.4,-12047.3,-11651.8,11788.4
31000,5,464.519,322.255,539.21,290.034,289.174,291.874,8.70801,8.68897,8.72482,-11917.8,-11964.3,-11760,11917.8
31500,5,370.762,280.138,515.292,290.132,289.587,290.865,8.70679,8.6931,8.71694,-11788.3,-11921.6,-11642.3,11788.3
32000,5,437.231,392.741,475.544,290.82,289.07,291.787,8.71062,8.69284,8.72409,-11884.8,-11981.6,-11802.5,11884.8
32500,5,448.527,355.282,530.081,289.493,288.6,290.156,8.70791,8.68671,8.72734,-11890.1,-11979.6,-11834,11890.1
33000,5,376.021,273.579,455.532,289.839,289.025,290.526,8.71281,8.6787,8.73138,-11826.7,-11913.6,-11718.3,11826.7
33500,5,467.429,377.689,542.89,289.811,288.153,291.192,8.71159,8.67218,8.73021,-11891.6,-12026.3,-11744.5,11891.6
34000,5,438.628,397.137,499.442,289.975,288.636,291.178,8.70696,8.66535,8.72411,-11856.3,-11935.5,-11785.3,11856.3
34500,5,467.222,358.987,520.231,289.5,288.784,290.141,8.7081,8.66831,8.72576,-11887.7,-11931.4,-11794.5,11887.7
35000,5,414.902,310.164,634.898,289.857,288.408,291.161,8.70617,8.67018,8.72302,-11880.7,-12095.7,-11711.4,11880.7
35500,5,420.886,179.66,525.051,290.084,288.344,291.557,8.70327,8.66483,8.72556,-11857.9,-12000.2,-11587.8,11857.9
36000,5,374.304,304.922,465.336,289.814,287.395,292.107,8.70226,8.65946,8.72009,-11803.2,-11898.3,-11713.7,11803.2
36500,5,418.998,296.34,519.199,290.121,288.953,291.808,8.70231,8.6629,8.71886,-11859.8,-11995.8,-11674.6,11859.8
37000,5,413.153,214.304,619.239,290.017,289.225,290.891,8.70258,8.66019,8.72136,-11827.8,-12042.3,-11601.9,11827.8
37500,5,315.746,245.265,375.915,290.247,289.672,290.562,8.70172,8.66494,8.71754,-11736,-11790.9,-11658.7,11736
38000,5,461.84,352.68,584.629,289.707,288.963,290.726,8.70055,8.66039,8.71635,-11877.5,-11977.5,-11790.6,11877.5
38500,5,391.669,271.314,591.102,290.578,289.852,291.627,8.70089,8.66415,8.71555,-11810.9,-12013.7,-11662.7,11810.9
39000,5,400.918,283.732,576.648,289.589,289.084,289.956,8.69967,8.66467,8.71595,-11819,-12013.5,-11726.2,11819
39500,5,451.442,361.518,590.982,289.769,289.165,290.633,8.69985,8.66553,8.71591,-11873.4,-12086.2,-11766.3,11873.4
40000,5,410.053,364.008,454.415,290.227,289.252,290.616,8.70137,8.66716,8.71491,-11859.5,-11928.4,-11775.6,11859.5
40500,5,362.886,302.182,435.172,289.69,288.307,290.285,8.7026,8.67201,8.71509,-11801.1,-11976.7,-11687.6,11801.1
41000,5,470.324,265.673,576.552,289.69,288.959,291.145,8.70356,8.67278,8.71477,-11880.3,-11975.8,-11673.3,11880.3
41500,5,549.818,409.929,712.702,290.138,289.898,290.36,8.7044,8.67246,8.71668,-12021.1,-12263.2,-11872.6,12021.1
42000,5,436.509,259.612,618.543,289.615,288.736,290.061,8.70459,8.67264,8.71697,-11876.3,-12147.1,-11626.3,11876.3
42500,5,406.333,284.859,519.499,290.185,289.752,290.766,8.70516,8.67313,8.71901,-11810.3,-11952.7,-11649,11810.3
43000,5,424.45,289.636,592.775,289.793,289.097,290.367,8.70435,8.67268,8.71794,-11851.2,-12050.9,-11661.2,11851.2
43500,5,489.861,403.277,544.275,289.49,288.828,290.257,8.70497,8.6728,8.71736,-11916.3,-11958.9,-11831.6,11916.3
44000,5,352.469,195.75,453.128,290.16,289.234,290.664,8.70534,8.67379,8.71874,-11796.8,-11934,-11668.3,11796.8
44500,5,478.376,261.962,580.77,289.764,289.09,290.225,8.7049,8.67339,8.71861,-11952.9,-12139.1,-11699.2,11952.9
45000,5,430.721,307.793,615.801,289.861,289.129,290.65,8.70497,8.67408,8.71871,-11840.1,-12041.1,-11694,11840.1
45500,5,463.197,404.518,594.55,289.831,289.085,290.309,8.70515,8.67465,8.71933,-11895.7,-12041.2,-11810.5,11895.7
46000,5,416.623,321.158,519.501,289.955,289.467,290.587,8.70517,8.67468,8.71943,-11835.1,-11958.2,-11743.7,11835.1
46500,5,482.905,409.31,561.327,289.87,289.163,290.998,8.70538,8.67482,8.71981,-11881.8,-12026.1,-11731.8,11881.8
47000,5,442.961,274.973,556.937,290.11,289.791,290.546,8.70517,8.67465,8.7194,-11877.6,-11996.3,-11694.8,11877.6
47500,5,421.25,382.404,509.663,290.085,289.436,290.505,8.70518,8.67452,8.71943,-11883.5,-12035.9,-11798.4,11883.5
48000,5,392.185,249.149,533.828,289.833,289.285,290.224,8.70525,8.67469,8.71945,-11834.1,-11996.2,-11689.2,11834.1
48500,5,474.934,333.338,617.994,289.852,289.314,290.327,8.70524,8.67476,8.71942,-11904.1,-12057.1,-11732.3,11904.1
49000,5,347.714,264.534,512.48,289.505,288.77,290.104,8.70529,8.67483,8.71946,-11786.9,-12048.1,-11626.9,11786.9
49500,5,595.456,409.691,713.56,289.669,289.187,290.415,8.70529,8.67484,8.71945,-12026.6,-12199.5,-11808.1,12026.6
50000,5,418.473,325.237,493.875,290.15,289.602,290.778,8.70529,8.67484,8.71945,-11875.8,-12027.1,-11751.9,11875.8
