fpr,S2_resid,S2_comb,S2_conf_d,S2_tdisp,V90_resid,V90_comb,V90_conf_d,V90_tdisp,V250_resid,V250_comb,V250_conf_d,V250_tdisp
0.000,1.0000,1.0000,1.0000,0.0081,0.0006,0.0179,0.0015,0.0387,0.0035,0.4679,0.1644,0.5335
0.010,1.0000,1.0000,1.0000,0.0617,0.0104,0.0765,0.0604,0.1160,0.0531,0.5808,0.5090,0.6248
0.020,1.0000,1.0000,1.0000,0.0990,0.0235,0.1050,0.1460,0.1552,0.1225,0.6165,0.6100,0.6579
0.030,1.0000,1.0000,1.0000,0.1308,0.0342,0.1387,0.1881,0.1856,0.1642,0.6415,0.6438,0.6815
0.040,1.0000,1.0000,1.0000,0.1544,0.0500,0.1663,0.2240,0.2004,0.2017,0.6579,0.6677,0.6958
0.050,1.0000,1.0000,1.0000,0.1779,0.0612,0.1898,0.2569,0.2215,0.2308,0.6754,0.6875,0.7121
0.060,1.0000,1.0000,1.0000,0.1977,0.0740,0.2090,0.2854,0.2394,0.2600,0.6919,0.7056,0.7202
0.070,1.0000,1.0000,1.0000,0.2215,0.0883,0.2233,0.3073,0.2577,0.2927,0.7004,0.7173,0.7325
0.080,1.0000,1.0000,1.0000,0.2429,0.1004,0.2408,0.3367,0.2748,0.3196,0.7102,0.7290,0.7440
0.090,1.0000,1.0000,1.0000,0.2631,0.1150,0.2529,0.3604,0.2896,0.3533,0.7165,0.7398,0.7517
0.100,1.0000,1.0000,1.0000,0.2796,0.1248,0.2656,0.3792,0.3063,0.3758,0.7240,0.7531,0.7583
0.110,1.0000,1.0000,1.0000,0.2969,0.1383,0.2812,0.3973,0.3169,0.4033,0.7304,0.7635,0.7644
0.120,1.0000,1.0000,1.0000,0.3113,0.1517,0.2975,0.4129,0.3296,0.4208,0.7431,0.7712,0.7692
0.130,1.0000,1.0000,1.0000,0.3240,0.1650,0.3098,0.4287,0.3442,0.4446,0.7521,0.7779,0.7760
0.140,1.0000,1.0000,1.0000,0.3369,0.1792,0.3254,0.4481,0.3577,0.4637,0.7608,0.7875,0.7821
0.150,1.0000,1.0000,1.0000,0.3538,0.1967,0.3342,0.4583,0.3704,0.4867,0.7642,0.7940,0.7877
0.160,1.0000,1.0000,1.0000,0.3698,0.2052,0.3442,0.4688,0.3800,0.4992,0.7671,0.8029,0.7906
0.170,1.0000,1.0000,1.0000,0.3829,0.2175,0.3588,0.4815,0.3890,0.5150,0.7750,0.8098,0.7933
0.180,1.0000,1.0000,1.0000,0.3990,0.2292,0.3706,0.4908,0.4012,0.5269,0.7808,0.8150,0.7998
0.190,1.0000,1.0000,1.0000,0.4129,0.2385,0.3831,0.5025,0.4129,0.5402,0.7869,0.8204,0.8054
0.200,1.0000,1.0000,1.0000,0.4244,0.2500,0.3929,0.5148,0.4221,0.5540,0.7902,0.8285,0.8102
0.210,1.0000,1.0000,1.0000,0.4348,0.2602,0.4042,0.5238,0.4306,0.5654,0.7973,0.8327,0.8131
0.220,1.0000,1.0000,1.0000,0.4463,0.2685,0.4188,0.5367,0.4410,0.5783,0.8021,0.8369,0.8181
0.230,1.0000,1.0000,1.0000,0.4581,0.2796,0.4283,0.5477,0.4521,0.5944,0.8069,0.8396,0.8213
0.240,1.0000,1.0000,1.0000,0.4671,0.2894,0.4354,0.5560,0.4592,0.6052,0.8102,0.8452,0.8250
0.250,1.0000,1.0000,1.0000,0.4833,0.3008,0.4471,0.5698,0.4723,0.6148,0.8125,0.8506,0.8313
0.260,1.0000,1.0000,1.0000,0.4927,0.3102,0.4592,0.5792,0.4806,0.6258,0.8179,0.8535,0.8352
0.270,1.0000,1.0000,1.0000,0.5040,0.3198,0.4679,0.5887,0.4908,0.6367,0.8210,0.8569,0.8394
0.280,1.0000,1.0000,1.0000,0.5152,0.3277,0.4781,0.5977,0.5015,0.6465,0.8254,0.8600,0.8423
0.290,1.0000,1.0000,1.0000,0.5312,0.3381,0.4854,0.6088,0.5144,0.6575,0.8275,0.8644,0.8471
0.300,1.0000,1.0000,1.0000,0.5421,0.3502,0.4942,0.6190,0.5235,0.6685,0.8319,0.8681,0.8492
0.310,1.0000,1.0000,1.0000,0.5494,0.3594,0.5017,0.6267,0.5319,0.6760,0.8360,0.8744,0.8519
0.320,1.0000,1.0000,1.0000,0.5596,0.3688,0.5117,0.6348,0.5417,0.6858,0.8402,0.8792,0.8542
0.330,1.0000,1.0000,1.0000,0.5683,0.3756,0.5177,0.6442,0.5483,0.6925,0.8433,0.8833,0.8565
0.340,1.0000,1.0000,1.0000,0.5802,0.3950,0.5294,0.6556,0.5581,0.7023,0.8465,0.8860,0.8596
0.350,1.0000,1.0000,1.0000,0.5900,0.4058,0.5394,0.6638,0.5662,0.7121,0.8502,0.8873,0.8623
0.360,1.0000,1.0000,1.0000,0.5996,0.4171,0.5471,0.6713,0.5744,0.7190,0.8531,0.8896,0.8662
0.370,1.0000,1.0000,1.0000,0.6098,0.4285,0.5546,0.6794,0.5854,0.7256,0.8550,0.8925,0.8704
0.380,1.0000,1.0000,1.0000,0.6196,0.4390,0.5633,0.6873,0.5921,0.7323,0.8588,0.8962,0.8731
0.390,1.0000,1.0000,1.0000,0.6283,0.4498,0.5702,0.6967,0.5981,0.7396,0.8633,0.9019,0.8752
0.400,1.0000,1.0000,1.0000,0.6369,0.4608,0.5775,0.7031,0.6090,0.7471,0.8660,0.9046,0.8792
0.410,1.0000,1.0000,1.0000,0.6440,0.4723,0.5854,0.7096,0.6175,0.7542,0.8696,0.9052,0.8821
0.420,1.0000,1.0000,1.0000,0.6483,0.4846,0.5925,0.7162,0.6233,0.7638,0.8727,0.9092,0.8838
0.430,1.0000,1.0000,1.0000,0.6585,0.4940,0.6010,0.7248,0.6323,0.7688,0.8765,0.9129,0.8875
0.440,1.0000,1.0000,1.0000,0.6663,0.5090,0.6065,0.7346,0.6398,0.7781,0.8798,0.9158,0.8904
0.450,1.0000,1.0000,1.0000,0.6733,0.5204,0.6171,0.7412,0.6467,0.7865,0.8825,0.9179,0.8933
0.460,1.0000,1.0000,1.0000,0.6787,0.5279,0.6260,0.7463,0.6533,0.7937,0.8838,0.9196,0.8960
0.470,1.0000,1.0000,1.0000,0.6896,0.5431,0.6367,0.7521,0.6654,0.8017,0.8873,0.9210,0.9002
0.480,1.0000,1.0000,1.0000,0.6962,0.5537,0.6448,0.7585,0.6746,0.8067,0.8912,0.9229,0.9010
0.490,1.0000,1.0000,1.0000,0.7060,0.5625,0.6523,0.7667,0.6817,0.8121,0.8946,0.9246,0.9042
0.500,1.0000,1.0000,1.0000,0.7154,0.5737,0.6604,0.7733,0.6913,0.8196,0.8965,0.9271,0.9085
0.510,1.0000,1.0000,1.0000,0.7217,0.5852,0.6692,0.7800,0.6981,0.8252,0.8992,0.9296,0.9104
0.520,1.0000,1.0000,1.0000,0.7298,0.5950,0.6779,0.7860,0.7113,0.8287,0.9023,0.9325,0.9146
0.530,1.0000,1.0000,1.0000,0.7348,0.6077,0.6831,0.7902,0.7198,0.8337,0.9040,0.9350,0.9175
0.540,1.0000,1.0000,1.0000,0.7410,0.6190,0.6927,0.7975,0.7244,0.8404,0.9067,0.9367,0.9192
0.550,1.0000,1.0000,1.0000,0.7512,0.6317,0.7000,0.8056,0.7340,0.8452,0.9090,0.9398,0.9215
0.560,1.0000,1.0000,1.0000,0.7573,0.6402,0.7127,0.8113,0.7383,0.8488,0.9137,0.9419,0.9229
0.570,1.0000,1.0000,1.0000,0.7658,0.6515,0.7204,0.8152,0.7469,0.8542,0.9167,0.9452,0.9254
0.580,1.0000,1.0000,1.0000,0.7702,0.6613,0.7271,0.8192,0.7521,0.8594,0.9190,0.9463,0.9283
0.590,1.0000,1.0000,1.0000,0.7800,0.6698,0.7321,0.8248,0.7579,0.8650,0.9204,0.9483,0.9296
0.600,1.0000,1.0000,1.0000,0.7871,0.6821,0.7404,0.8300,0.7640,0.8704,0.9235,0.9502,0.9323
0.610,1.0000,1.0000,1.0000,0.7927,0.6917,0.7467,0.8348,0.7712,0.8750,0.9254,0.9527,0.9340
0.620,1.0000,1.0000,1.0000,0.7996,0.7025,0.7533,0.8406,0.7750,0.8815,0.9269,0.9560,0.9352
0.630,1.0000,1.0000,1.0000,0.8056,0.7117,0.7592,0.8448,0.7810,0.8862,0.9300,0.9579,0.9369
0.640,1.0000,1.0000,1.0000,0.8108,0.7215,0.7679,0.8517,0.7900,0.8904,0.9317,0.9606,0.9396
0.650,1.0000,1.0000,1.0000,0.8165,0.7331,0.7765,0.8573,0.7998,0.8950,0.9331,0.9615,0.9429
0.660,1.0000,1.0000,1.0000,0.8217,0.7396,0.7831,0.8610,0.8065,0.8977,0.9348,0.9627,0.9458
0.670,1.0000,1.0000,1.0000,0.8283,0.7515,0.7892,0.8679,0.8125,0.9017,0.9381,0.9637,0.9483
0.680,1.0000,1.0000,1.0000,0.8333,0.7610,0.7948,0.8742,0.8175,0.9069,0.9396,0.9660,0.9496
0.690,1.0000,1.0000,1.0000,0.8410,0.7715,0.8015,0.8802,0.8250,0.9108,0.9437,0.9679,0.9523
0.700,1.0000,1.0000,1.0000,0.8479,0.7777,0.8113,0.8863,0.8308,0.9144,0.9463,0.9688,0.9548
0.710,1.0000,1.0000,1.0000,0.8538,0.7848,0.8177,0.8910,0.8392,0.9177,0.9475,0.9708,0.9565
0.720,1.0000,1.0000,1.0000,0.8598,0.7940,0.8256,0.8956,0.8452,0.9219,0.9500,0.9723,0.9575
0.730,1.0000,1.0000,1.0000,0.8660,0.8029,0.8323,0.8992,0.8500,0.9250,0.9521,0.9735,0.9596
0.740,1.0000,1.0000,1.0000,0.8725,0.8104,0.8377,0.9021,0.8573,0.9283,0.9548,0.9742,0.9617
0.750,1.0000,1.0000,1.0000,0.8794,0.8177,0.8456,0.9060,0.8652,0.9302,0.9567,0.9760,0.9640
0.760,1.0000,1.0000,1.0000,0.8842,0.8246,0.8517,0.9096,0.8713,0.9335,0.9587,0.9779,0.9656
0.770,1.0000,1.0000,1.0000,0.8875,0.8352,0.8608,0.9144,0.8760,0.9387,0.9615,0.9788,0.9660
0.780,1.0000,1.0000,1.0000,0.8912,0.8452,0.8671,0.9194,0.8804,0.9446,0.9638,0.9800,0.9679
0.790,1.0000,1.0000,1.0000,0.8952,0.8546,0.8754,0.9250,0.8867,0.9485,0.9656,0.9812,0.9698
0.800,1.0000,1.0000,1.0000,0.9010,0.8656,0.8808,0.9296,0.8938,0.9510,0.9681,0.9819,0.9710
0.810,1.0000,1.0000,1.0000,0.9052,0.8752,0.8856,0.9358,0.8983,0.9550,0.9688,0.9831,0.9729
0.820,1.0000,1.0000,1.0000,0.9100,0.8831,0.8948,0.9410,0.9046,0.9592,0.9702,0.9842,0.9742
0.830,1.0000,1.0000,1.0000,0.9165,0.8904,0.8998,0.9440,0.9098,0.9621,0.9715,0.9852,0.9754
0.840,1.0000,1.0000,1.0000,0.9217,0.8985,0.9092,0.9477,0.9133,0.9660,0.9731,0.9867,0.9777
0.850,1.0000,1.0000,1.0000,0.9290,0.9077,0.9150,0.9529,0.9200,0.9690,0.9760,0.9877,0.9785
0.860,1.0000,1.0000,1.0000,0.9323,0.9169,0.9215,0.9556,0.9252,0.9721,0.9775,0.9885,0.9802
0.870,1.0000,1.0000,1.0000,0.9369,0.9242,0.9279,0.9581,0.9290,0.9742,0.9794,0.9898,0.9817
0.880,1.0000,1.0000,1.0000,0.9404,0.9319,0.9337,0.9615,0.9333,0.9765,0.9806,0.9910,0.9831
0.890,1.0000,1.0000,1.0000,0.9446,0.9396,0.9398,0.9650,0.9373,0.9792,0.9817,0.9919,0.9840
0.900,1.0000,1.0000,1.0000,0.9510,0.9452,0.9442,0.9685,0.9429,0.9812,0.9833,0.9925,0.9858
0.910,1.0000,1.0000,1.0000,0.9548,0.9538,0.9500,0.9715,0.9492,0.9829,0.9848,0.9931,0.9879
0.920,1.0000,1.0000,1.0000,0.9608,0.9581,0.9554,0.9760,0.9560,0.9852,0.9860,0.9944,0.9898
0.930,1.0000,1.0000,1.0000,0.9640,0.9644,0.9598,0.9804,0.9608,0.9869,0.9881,0.9954,0.9910
0.940,1.0000,1.0000,1.0000,0.9702,0.9696,0.9675,0.9842,0.9673,0.9904,0.9896,0.9960,0.9925
0.950,1.0000,1.0000,1.0000,0.9752,0.9758,0.9727,0.9873,0.9723,0.9929,0.9915,0.9962,0.9935
0.960,1.0000,1.0000,1.0000,0.9817,0.9810,0.9783,0.9915,0.9775,0.9946,0.9933,0.9975,0.9950
0.970,1.0000,1.0000,1.0000,0.9892,0.9881,0.9833,0.9931,0.9854,0.9971,0.9950,0.9979,0.9969
0.980,1.0000,1.0000,1.0000,0.9923,0.9933,0.9898,0.9960,0.9896,0.9985,0.9965,0.9994,0.9973
0.990,1.0000,1.0000,1.0000,0.9971,0.9977,0.9958,0.9983,0.9944,0.9996,0.9985,0.9996,0.9985
1.000,1.0000,1.0000,1.0000,1.0000,1.0000,1.0000,1.0000,1.0000,1.0000,1.0000,1.0000,1.0000
