slot,AINR_none,AINR_none_lo,AINR_none_hi,AINR_ungated,AINR_ungated_lo,AINR_ungated_hi,AINR_gated,AINR_gated_lo,AINR_gated_hi,AINR_trig,AINR_trig_lo,AINR_trig_hi,DiscNRX_none,DiscNRX_none_lo,DiscNRX_none_hi,DiscNRX_ungated,DiscNRX_ungated_lo,DiscNRX_ungated_hi,DiscNRX_gated,DiscNRX_gated_lo,DiscNRX_gated_hi,DiscNRX_trig,DiscNRX_trig_lo,DiscNRX_trig_hi
50,0.488,0.105858,0.870142,0.588,0,1,0.204,0,0.674655,0.228,0,0.691126,0.776,0.572428,0.979572,0.8,0.244711,1,0.172,0,0.421942,0.18,0,0.438672
60,0.46,0.0478124,0.872188,0.604,0,1,0.16,0,0.590483,0.176,0,0.598677,0.78,0.575974,0.984026,0.8,0.244711,1,0.08,0,0.24751,0.092,0,0.27998
70,0.464,0.0599724,0.868028,0.604,0,1,0.124,0,0.454572,0.128,0,0.456326,0.772,0.543993,1,0.8,0.244711,1,0.032,0,0.107731,0.048,0,0.141908
80,0.48,0.0807321,0.879268,0.604,0,1,0.096,0,0.335097,0.104,0,0.339196,0.792,0.588276,0.995724,0.804,0.259817,1,0.012,0,0.0256017,0.032,0.0036857,0.0603143
90,0.48,0.0826675,0.877332,0.604,0,1,0.056,0,0.184319,0.06,0,0.186625,0.78,0.555125,1,0.804,0.259817,1,0.008,0,0.0216017,0.024,0.00322299,0.044777
100,0.472,0.0573511,0.886649,0.608,0,1,0.044,0,0.127108,0.044,0,0.127108,0.764,0.558168,0.969832,0.804,0.259817,1,0.012,0,0.0256017,0.024,0,0.0512035
110,0.488,0.0908228,0.885177,0.608,0,1,0.024,0,0.0563786,0.02,0,0.0504144,0.752,0.562387,0.941613,0.804,0.259817,1,0.008,0,0.0216017,0.016,0,0.0483786
120,0.48,0.0696869,0.890313,0.608,0,1,0.016,0,0.036777,0.016,0,0.036777,0.736,0.533186,0.938814,0.804,0.259817,1,0.008,0,0.0216017,0.012,0,0.0342116
130,0.468,0.039455,0.896545,0.604,0,1,0.008,0,0.0216017,0.004,0,0.0151058,0.72,0.499977,0.940023,0.8,0.244711,1,0.004,0,0.0151058,0.004,0,0.0151058
140,0.468,0.0434308,0.892569,0.608,0,1,0.008,0,0.0216017,0.004,0,0.0151058,0.712,0.506018,0.917982,0.8,0.244711,1,0.004,0,0.0151058,0.004,0,0.0151058
150,0.472,0.0629664,0.881034,0.604,0,1,0,0,0,0,0,0,0.712,0.486714,0.937286,0.8,0.244711,1,0,0,0,0.004,0,0.0151058
160,0.472,0.0791158,0.864884,0.604,0,1,0,0,0,0,0,0,0.728,0.498645,0.957355,0.8,0.244711,1,0,0,0,0.004,0,0.0151058
170,0.472,0.0767684,0.867232,0.604,0,1,0,0,0,0.004,0,0.0151058,0.74,0.515125,0.964875,0.8,0.244711,1,0,0,0,0.004,0,0.0151058
180,0.484,0.0987238,0.869276,0.604,0,1,0.004,0,0.0151058,0.008,0,0.0216017,0.768,0.575963,0.960037,0.8,0.244711,1,0.004,0,0.0151058,0.008,0,0.0216017
190,0.472,0.0963684,0.847632,0.6,0,1,0.004,0,0.0151058,0.008,0,0.0216017,0.752,0.55599,0.94801,0.8,0.244711,1,0.004,0,0.0151058,0.008,0,0.0216017
200,0.464,0.0751391,0.852861,0.6,0,1,0.004,0,0.0151058,0.008,0,0.0216017,0.764,0.605572,0.922428,0.8,0.244711,1,0.004,0,0.0151058,0.004,0,0.0151058
210,0.44,0.0334617,0.846538,0.6,0,1,0.004,0,0.0151058,0.008,0,0.0216017,0.744,0.558663,0.929337,0.8,0.244711,1,0.004,0,0.0151058,0.004,0,0.0151058
220,0.456,0.0796304,0.83237,0.6,0,1,0.004,0,0.0151058,0.004,0,0.0151058,0.732,0.549007,0.914993,0.8,0.244711,1,0.004,0,0.0151058,0.004,0,0.0151058
230,0.46,0.0709013,0.849099,0.6,0,1,0,0,0,0,0,0,0.676,0.435617,0.916383,0.8,0.244711,1,0,0,0,0,0,0
240,0.476,0.0478869,0.904113,0.6,0,1,0,0,0,0,0,0,0.708,0.472673,0.943327,0.804,0.259817,1,0.004,0,0.0151058,0.004,0,0.0151058
250,0.488,0.0590954,0.916905,0.6,0,1,0,0,0,0,0,0,0.68,0.399044,0.960956,0.804,0.259817,1,0.004,0,0.0151058,0.004,0,0.0151058
260,0.516,0.08039,0.95161,0.6,0,1,0,0,0,0,0,0,0.704,0.436307,0.971693,0.804,0.259817,1,0.004,0,0.0151058,0.008,0,0.0216017
270,0.496,0.0450862,0.946914,0.6,0,1,0.004,0,0.0151058,0.004,0,0.0151058,0.704,0.399653,1,0.804,0.259817,1,0.004,0,0.0151058,0.008,0,0.0216017
280,0.496,0.0836628,0.908337,0.6,0,1,0.004,0,0.0151058,0.004,0,0.0151058,0.744,0.463373,1,0.804,0.259817,1,0.004,0,0.0151058,0.008,0,0.0216017
290,0.508,0.141089,0.874911,0.6,0,1,0.004,0,0.0151058,0.004,0,0.0151058,0.724,0.43525,1,0.8,0.244711,1,0,0,0,0.004,0,0.0151058
300,0.5,0.131663,0.868337,0.6,0,1,0.004,0,0.0151058,0.004,0,0.0151058,0.708,0.423445,0.992555,0.8,0.244711,1,0,0,0,0.004,0,0.0151058
310,0.512,0.183674,0.840326,0.6,0,1,0.004,0,0.0151058,0.004,0,0.0151058,0.684,0.429898,0.938102,0.8,0.244711,1,0,0,0,0,0,0
320,0.524,0.227349,0.820651,0.6,0,1,0,0,0,0,0,0,0.7,0.475812,0.924188,0.8,0.244711,1,0,0,0,0,0,0
330,0.532,0.202269,0.861731,0.6,0,1,0,0,0,0,0,0,0.716,0.501368,0.930632,0.8,0.244711,1,0,0,0,0,0,0
340,0.492,0.14098,0.84302,0.6,0,1,0,0,0,0,0,0,0.724,0.505806,0.942194,0.8,0.244711,1,0,0,0,0,0,0
350,0.496,0.163104,0.828896,0.6,0,1,0,0,0,0,0,0,0.768,0.574364,0.961636,0.8,0.244711,1,0,0,0,0,0,0
360,0.48,0.146364,0.813636,0.6,0,1,0,0,0,0,0,0,0.788,0.604167,0.971833,0.8,0.244711,1,0,0,0,0,0,0
370,0.456,0.100702,0.811298,0.6,0,1,0,0,0,0,0,0,0.764,0.5907,0.9373,0.8,0.244711,1,0,0,0,0,0,0
380,0.428,0.0556664,0.800334,0.6,0,1,0,0,0,0,0,0,0.744,0.521607,0.966393,0.8,0.244711,1,0,0,0,0,0,0
390,0.452,0.0759582,0.828042,0.6,0,1,0,0,0,0,0,0,0.752,0.529468,0.974532,0.8,0.244711,1,0,0,0,0,0,0
400,0.468,0.0927791,0.843221,0.6,0,1,0,0,0,0,0,0,0.74,0.519977,0.960023,0.8,0.244711,1,0,0,0,0,0,0
410,0.468,0.0838459,0.852154,0.6,0,1,0,0,0,0,0,0,0.712,0.475366,0.948634,0.8,0.244711,1,0,0,0,0,0,0
420,0.496,0.123749,0.868251,0.6,0,1,0,0,0,0,0,0,0.72,0.481808,0.958192,0.8,0.244711,1,0,0,0,0,0,0
430,0.5,0.145745,0.854255,0.6,0,1,0,0,0,0,0,0,0.74,0.549252,0.930748,0.8,0.244711,1,0,0,0,0,0,0
440,0.504,0.159273,0.848727,0.6,0,1,0,0,0,0,0,0,0.74,0.556671,0.923329,0.8,0.244711,1,0,0,0,0,0,0
450,0.496,0.161257,0.830743,0.604,0,1,0.004,0,0.0151058,0.004,0,0.0151058,0.74,0.549252,0.930748,0.8,0.244711,1,0.004,0,0.0151058,0.004,0,0.0151058
460,0.496,0.12666,0.86534,0.604,0,1,0.004,0,0.0151058,0.004,0,0.0151058,0.752,0.555205,0.948795,0.8,0.244711,1,0.004,0,0.0151058,0.004,0,0.0151058
470,0.468,0.0673444,0.868656,0.604,0,1,0.004,0,0.0151058,0.004,0,0.0151058,0.756,0.557024,0.954976,0.8,0.244711,1,0.004,0,0.0151058,0.004,0,0.0151058
480,0.496,0.0981247,0.893875,0.604,0,1,0.004,0,0.0151058,0.004,0,0.0151058,0.712,0.465162,0.958838,0.8,0.244711,1,0.004,0,0.0151058,0.004,0,0.0151058
490,0.496,0.105951,0.886049,0.604,0,1,0.008,0,0.0216017,0.004,0,0.0151058,0.728,0.505468,0.950532,0.8,0.244711,1,0.004,0,0.0151058,0.004,0,0.0151058
500,0.496,0.107933,0.884067,0.6,0,1,0.004,0,0.0151058,0,0,0,0.728,0.483673,0.972327,0.8,0.244711,1,0,0,0,0,0,0
510,0.512,0.138426,0.885574,0.6,0,1,0.004,0,0.0151058,0,0,0,0.72,0.499277,0.940723,0.8,0.244711,1,0,0,0,0,0,0
520,0.532,0.166773,0.897227,0.6,0,1,0.004,0,0.0151058,0,0,0,0.736,0.522088,0.949912,0.8,0.244711,1,0,0,0,0,0,0
530,0.516,0.178505,0.853495,0.6,0,1,0.004,0,0.0151058,0,0,0,0.764,0.578663,0.949337,0.8,0.244711,1,0,0,0,0,0,0
540,0.516,0.175775,0.856225,0.6,0,1,0,0,0,0,0,0,0.752,0.542309,0.961691,0.8,0.244711,1,0,0,0,0,0,0
550,0.508,0.175475,0.840525,0.6,0,1,0,0,0,0,0,0,0.764,0.568936,0.959064,0.8,0.244711,1,0,0,0,0,0,0
560,0.508,0.182031,0.833969,0.6,0,1,0,0,0,0,0,0,0.784,0.578168,0.989832,0.8,0.244711,1,0,0,0,0,0,0
570,0.52,0.197645,0.842355,0.6,0,1,0,0,0,0,0,0,0.772,0.554372,0.989628,0.8,0.244711,1,0,0,0,0,0,0
580,0.536,0.195775,0.876225,0.6,0,1,0,0,0,0,0,0,0.776,0.550167,1,0.8,0.244711,1,0,0,0,0,0,0
590,0.54,0.204981,0.875019,0.6,0,1,0,0,0,0,0,0,0.772,0.536673,1,0.8,0.244711,1,0,0,0,0,0,0
600,0.548,0.20678,0.88922,0.6,0,1,0,0,0,0,0,0,0.76,0.533758,0.986242,0.8,0.244711,1,0,0,0,0,0,0
610,0.544,0.182678,0.905322,0.6,0,1,0,0,0,0,0,0,0.756,0.520149,0.991851,0.8,0.244711,1,0,0,0,0,0,0
620,0.536,0.180268,0.891732,0.6,0,1,0,0,0,0,0,0,0.768,0.531366,1,0.8,0.244711,1,0,0,0,0,0,0
630,0.52,0.145026,0.894974,0.6,0,1,0,0,0,0,0,0,0.772,0.537329,1,0.8,0.244711,1,0,0,0,0,0,0
640,0.512,0.118332,0.905668,0.6,0,1,0,0,0,0,0,0,0.76,0.542798,0.977202,0.8,0.244711,1,0,0,0,0,0,0
650,0.512,0.101086,0.922914,0.6,0,1,0,0,0,0,0,0,0.776,0.561368,0.990632,0.8,0.244711,1,0,0,0,0,0,0
660,0.492,0.0921148,0.891885,0.6,0,1,0,0,0,0,0,0,0.776,0.559936,0.992064,0.8,0.244711,1,0,0,0,0.004,0,0.0151058
670,0.472,0.040944,0.903056,0.6,0,1,0,0,0,0,0,0,0.772,0.560844,0.983156,0.8,0.244711,1,0,0,0,0.004,0,0.0151058
680,0.476,0.0547848,0.897215,0.6,0,1,0,0,0,0,0,0,0.764,0.55299,0.97501,0.8,0.244711,1,0,0,0,0.004,0,0.0151058
690,0.492,0.0766082,0.907392,0.6,0,1,0,0,0,0,0,0,0.776,0.558514,0.993486,0.8,0.244711,1,0,0,0,0.004,0,0.0151058
700,0.48,0.053836,0.906164,0.6,0,1,0,0,0,0,0,0,0.752,0.522645,0.981355,0.8,0.244711,1,0,0,0,0.004,0,0.0151058
710,0.516,0.116964,0.915036,0.6,0,1,0,0,0,0,0,0,0.756,0.519496,0.992504,0.8,0.244711,1,0,0,0,0,0,0
720,0.552,0.191875,0.912125,0.6,0,1,0,0,0,0,0,0,0.752,0.506414,0.997586,0.8,0.244711,1,0,0,0,0,0,0
730,0.548,0.196541,0.899459,0.6,0,1,0,0,0,0,0,0,0.756,0.527453,0.984547,0.8,0.244711,1,0,0,0,0,0,0
740,0.564,0.225137,0.902863,0.6,0,1,0,0,0,0,0,0,0.772,0.563046,0.980954,0.8,0.244711,1,0,0,0,0,0,0
750,0.548,0.217801,0.878199,0.6,0,1,0,0,0,0,0,0,0.76,0.568445,0.951555,0.8,0.244711,1,0,0,0,0,0,0
760,0.524,0.184683,0.863317,0.6,0,1,0,0,0,0,0,0,0.764,0.570523,0.957477,0.8,0.244711,1,0,0,0,0,0,0
770,0.492,0.127196,0.856804,0.6,0,1,0,0,0,0,0,0,0.756,0.559362,0.952638,0.8,0.244711,1,0,0,0,0,0,0
780,0.492,0.0867531,0.897247,0.6,0,1,0,0,0,0,0,0,0.72,0.479232,0.960768,0.8,0.244711,1,0,0,0,0,0,0
790,0.456,0.0731323,0.838868,0.6,0,1,0,0,0,0,0,0,0.704,0.462338,0.945662,0.8,0.244711,1,0,0,0,0,0,0
800,0.492,0.131019,0.852981,0.6,0,1,0,0,0,0,0,0,0.704,0.442719,0.965281,0.8,0.244711,1,0,0,0,0,0,0
810,0.488,0.123196,0.852804,0.6,0,1,0,0,0,0,0,0,0.688,0.417899,0.958101,0.8,0.244711,1,0,0,0,0,0,0
820,0.48,0.137697,0.822303,0.6,0,1,0,0,0,0,0,0,0.684,0.42213,0.94587,0.8,0.244711,1,0,0,0,0,0,0
830,0.508,0.169046,0.846954,0.6,0,1,0.004,0,0.0151058,0.004,0,0.0151058,0.708,0.472673,0.943327,0.8,0.244711,1,0.004,0,0.0151058,0.004,0,0.0151058
840,0.504,0.140975,0.867025,0.6,0,1,0.004,0,0.0151058,0.004,0,0.0151058,0.712,0.481304,0.942696,0.8,0.244711,1,0.004,0,0.0151058,0.004,0,0.0151058
850,0.476,0.125507,0.826493,0.6,0,1,0.004,0,0.0151058,0.004,0,0.0151058,0.736,0.527194,0.944806,0.8,0.244711,1,0.004,0,0.0151058,0.004,0,0.0151058
860,0.464,0.109136,0.818864,0.6,0,1,0.004,0,0.0151058,0.004,0,0.0151058,0.744,0.527936,0.960064,0.8,0.244711,1,0.004,0,0.0151058,0.004,0,0.0151058
870,0.5,0.129576,0.870424,0.6,0,1,0.004,0,0.0151058,0.008,0,0.0216017,0.756,0.560147,0.951853,0.8,0.244711,1,0.004,0,0.0151058,0.008,0,0.0216017
880,0.48,0.156214,0.803786,0.6,0,1,0,0,0,0.004,0,0.0151058,0.748,0.538309,0.957691,0.8,0.244711,1,0,0,0,0.004,0,0.0151058
890,0.476,0.149653,0.802347,0.6,0,1,0,0,0,0.004,0,0.0151058,0.76,0.544937,0.975063,0.8,0.244711,1,0,0,0,0.004,0,0.0151058
900,0.492,0.149877,0.834123,0.6,0,1,0,0,0,0.004,0,0.0151058,0.756,0.50495,1,0.8,0.244711,1,0,0,0,0.004,0,0.0151058
910,0.492,0.150328,0.833672,0.6,0,1,0,0,0,0.004,0,0.0151058,0.76,0.527706,0.992294,0.8,0.244711,1,0,0,0,0.004,0,0.0151058
920,0.472,0.122741,0.821259,0.6,0,1,0,0,0,0,0,0,0.76,0.53858,0.98142,0.8,0.244711,1,0,0,0,0,0,0
930,0.48,0.0916945,0.868305,0.6,0,1,0,0,0,0,0,0,0.772,0.541304,1,0.8,0.244711,1,0,0,0,0,0,0
940,0.5,0.125437,0.874563,0.6,0,1,0,0,0,0,0,0,0.776,0.557101,0.994899,0.8,0.244711,1,0,0,0,0,0,0
950,0.492,0.105445,0.878555,0.6,0,1,0,0,0,0,0,0,0.776,0.573948,0.978052,0.8,0.244711,1,0,0,0,0,0,0
960,0.496,0.100456,0.891544,0.6,0,1,0,0,0,0,0,0,0.776,0.592334,0.959666,0.8,0.244711,1,0,0,0,0,0,0
970,0.508,0.106576,0.909424,0.6,0,1,0,0,0,0,0,0,0.784,0.597007,0.970993,0.8,0.244711,1,0,0,0,0,0,0
980,0.496,0.105951,0.886049,0.6,0,1,0,0,0,0,0,0,0.772,0.589007,0.954993,0.8,0.244711,1,0,0,0,0,0,0
990,0.52,0.134484,0.905516,0.6,0,1,0.004,0,0.0151058,0.004,0,0.0151058,0.744,0.538919,0.949081,0.8,0.244711,1,0.004,0,0.0151058,0.004,0,0.0151058
1000,0.536,0.193967,0.878033,0.6,0,1,0.004,0,0.0151058,0.004,0,0.0151058,0.74,0.507706,0.972294,0.8,0.244711,1,0.004,0,0.0151058,0.004,0,0.0151058
