config,init,step,n_seeds,coded_ber_mean,info_ber_mean,grad_coded_mean,grad_info_mean
16QAM-K1824,rand,1,5,0.48986431360244753,0.48878838419914244,9.947611236572266,7.922516536712647
16QAM-K1824,rand,25,5,0.274862939119339,0.3193530738353729,6.0383881568908695,5.000435733795166
16QAM-K1824,rand,50,5,0.19245476722717286,0.25757949948310854,3.257515811920166,2.9843776702880858
16QAM-K1824,rand,75,5,0.16051946580410004,0.23645833432674407,2.0850833892822265,1.928695011138916
16QAM-K1824,rand,100,5,0.1286458343267441,0.21615954041481017,1.5651066541671752,1.4996599674224853
16QAM-K1824,rand,125,5,0.0983415573835373,0.20215186476707458,1.2591434955596923,1.6525684118270874
16QAM-K1824,rand,150,5,0.07177220433950424,0.19557291865348816,1.0364380121231078,2.101810073852539
16QAM-K1824,rand,175,5,0.04986979216337204,0.19379111826419831,0.8572063565254211,2.091320848464966
16QAM-K1824,rand,200,5,0.03372395858168602,0.19450384080410005,0.7068558096885681,1.6214558601379394
16QAM-K1824,rand,225,5,0.022443804889917374,0.1961074560880661,0.5819494962692261,1.201464796066284
16QAM-K1824,rand,250,5,0.015165844559669494,0.19713541567325593,0.4817482590675354,0.9032599210739136
16QAM-K1824,rand,275,5,0.010656524263322354,0.1978481411933899,0.40328229665756227,0.6917847990989685
16QAM-K1824,rand,300,5,0.007881030719727278,0.19823191165924073,0.34244513511657715,0.540743887424469
16QAM-K1824,rand,325,5,0.0060923794284462925,0.19842379689216613,0.29504790902137756,0.4459577023983002
16QAM-K1824,rand,350,5,0.004913651384413242,0.19876644909381866,0.2575397968292236,0.37534051537513735
16QAM-K1824,rand,375,5,0.004098136024549603,0.1989857465028763,0.22738071382045746,0.3169750809669495
16QAM-K1824,rand,400,5,0.0037006579339504244,0.1991502195596695,0.20274144411087036,0.27878597378730774
16QAM-K1824,rand,425,5,0.003412829013541341,0.1991913378238678,0.18232955038547516,0.24311425387859345
16QAM-K1824,rand,450,5,0.0031455592717975376,0.1993146926164627,0.16517488062381744,0.21976961195468903
16QAM-K1824,rand,475,5,0.0029468202497810124,0.19938322603702546,0.1505666494369507,0.1976788967847824
16QAM-K1824,rand,500,5,0.002754934225231409,0.199355810880661,0.1379911869764328,0.17521515786647796
16QAM-K1824,rand,525,5,0.0026247259229421616,0.19942434132099152,0.12706074714660645,0.1587634950876236
16QAM-K1824,rand,550,5,0.0025836074724793433,0.19949287474155425,0.11748924255371093,0.14331009685993196
16QAM-K1824,rand,575,5,0.0025013705715537073,0.19953399300575256,0.10904001891613006,0.1301331639289856
16QAM-K1824,rand,600,5,0.002405427675694227,0.19956140518188475,0.10154063254594803,0.12032258957624435
16QAM-K1824,rand,625,5,0.002350603067316115,0.19960252344608306,0.09484864622354508,0.1112426057457924
16QAM-K1824,rand,650,5,0.0022820724407210946,0.19969846904277802,0.08884146362543106,0.10418070256710052
16QAM-K1824,rand,675,5,0.002240953966975212,0.19972588121891022,0.08342387974262237,0.09739513397216797
16QAM-K1824,rand,700,5,0.002213541674427688,0.19976699948310853,0.07851788103580475,0.09177633225917817
16QAM-K1824,rand,725,5,0.0022203947883099318,0.1997807055711746,0.07405791878700256,0.0841736376285553
16QAM-K1824,rand,750,5,0.0022066886071115733,0.19983552992343903,0.06998855471611024,0.07958214282989502
16QAM-K1824,rand,775,5,0.0021792763378471135,0.19983552992343903,0.06626318842172622,0.0752936914563179
16QAM-K1824,rand,800,5,0.0021381579339504243,0.19990406036376954,0.06284208595752716,0.0711891695857048
16QAM-K1824,rand,825,5,0.0021450110245496033,0.19993147253990173,0.05969127416610718,0.06644623726606369
16QAM-K1824,rand,850,5,0.002117598708719015,0.19994517862796785,0.056781670451164244,0.06297944858670235
16QAM-K1824,rand,875,5,0.002110745618119836,0.19997259080410004,0.05408870726823807,0.06001751497387886
16QAM-K1824,rand,900,5,0.0021038925508037208,0.19997259080410004,0.0515909418463707,0.0566401369869709
16QAM-K1824,rand,925,5,0.0020970394602045418,0.19998629689216613,0.049269041419029234,0.05369596406817436
16QAM-K1824,rand,950,5,0.0020901863696053623,0.20001370906829835,0.04710606187582016,0.05191726237535477
16QAM-K1824,rand,975,5,0.0020833332790061833,0.20001370906829835,0.04508709907531738,0.04943385273218155
16QAM-K1824,rand,1000,5,0.0020627741236239673,0.20001370906829835,0.043198847025632856,0.04666767120361328
16QAM-K1824,rand,1025,5,0.0020422149216756226,0.20001370906829835,0.04142967611551285,0.044591765850782394
16QAM-K1824,rand,1050,5,0.002035361831076443,0.20004112124443055,0.039769472926855086,0.043170828372240067
16QAM-K1824,rand,1075,5,0.0020353618776425718,0.20009594559669494,0.03820912390947342,0.04152693971991539
16QAM-K1824,rand,1100,5,0.0020285087637603285,0.20012335777282714,0.03674042224884033,0.039375068992376326
16QAM-K1824,rand,1125,5,0.002035361831076443,0.20013706386089325,0.03535593897104263,0.037918999791145325
16QAM-K1824,rand,1150,5,0.002042214898392558,0.20013706386089325,0.034049132466316225,0.0364850752055645
16QAM-K1824,rand,1175,5,0.0020490679889917374,0.20015076994895936,0.03281412571668625,0.035194626450538634
16QAM-K1824,rand,1200,5,0.0020490679889917374,0.20021930038928987,0.03164568692445755,0.0339736819267273
16QAM-K1824,rand,1225,5,0.002062774170190096,0.20021930038928987,0.030538994818925858,0.03245221972465515
16QAM-K1824,rand,1250,5,0.002055921079590917,0.20020559430122375,0.029489678889513017,0.03141338266432285
16QAM-K1824,rand,1275,5,0.002055921079590917,0.20023300647735595,0.028493720293045043,0.030506065487861632
16QAM-K1824,rand,1300,5,0.002055921079590917,0.20024671256542206,0.027547430619597434,0.02933492511510849
16QAM-K1824,rand,1325,5,0.0020422149216756226,0.20026041865348815,0.0266471441835165,0.02852577231824398
16QAM-K1824,rand,1350,5,0.0020285087404772638,0.20031524300575257,0.02578958123922348,0.027547020465135574
16QAM-K1824,rand,1375,5,0.0020216556964442133,0.20032894909381865,0.02497219108045101,0.02670659199357033
16QAM-K1824,rand,1400,5,0.0020216556964442133,0.20031524300575257,0.024192537739872934,0.025841211155056953
16QAM-K1824,rand,1425,5,0.0020216556964442133,0.20035636126995088,0.02344842255115509,0.024913281947374345
16QAM-K1824,rand,1450,5,0.0020148026058450343,0.20035636126995088,0.022737625613808633,0.02418138422071934
16QAM-K1824,rand,1475,5,0.0020079495618119834,0.20037006735801696,0.022058108076453208,0.023233353346586227
16QAM-K1824,rand,1500,5,0.0020079495618119834,0.20037006735801696,0.021407943964004517,0.022665293887257576
16QAM-K1824,warm,1,5,0.30010964870452883,0.30124726295471194,9.137391471862793,7.405141067504883
16QAM-K1824,warm,25,5,0.14640214145183564,0.1893640339374542,5.340372085571289,4.4244989395141605
16QAM-K1824,warm,50,5,0.11926397979259491,0.18562225997447968,2.9224148273468016,2.5676669120788573
16QAM-K1824,warm,75,5,0.08988487124443054,0.17116228342056275,1.7897700309753417,1.6909907102584838
16QAM-K1824,warm,100,5,0.08064692914485931,0.16207511126995086,1.265714693069458,1.4333524227142334
16QAM-K1824,warm,125,5,0.06258909106254577,0.1526589959859848,1.0048114776611328,1.8731165885925294
16QAM-K1824,warm,150,5,0.043558114767074586,0.1481633812189102,0.8362864851951599,2.2060048580169678
16QAM-K1824,warm,175,5,0.029125548526644708,0.1476014256477356,0.6976127743721008,1.8410177946090698
16QAM-K1824,warm,200,5,0.018201754614710807,0.14891721606254577,0.5720296382904053,1.3568610191345214
16QAM-K1824,warm,225,5,0.01158854179084301,0.15038377344608306,0.4669029176235199,0.9813695907592773
16QAM-K1824,warm,250,5,0.007983826752752065,0.1509320169687271,0.3858876943588257,0.739956259727478
16QAM-K1824,warm,275,5,0.0059553180821239945,0.15182291567325593,0.32471699118614195,0.5825240731239318
16QAM-K1824,warm,300,5,0.004838267527520657,0.1523163378238678,0.27805691957473755,0.4664795160293579
16QAM-K1824,warm,325,5,0.003974780673161149,0.15252192914485932,0.24173262417316438,0.3831043720245361
16QAM-K1824,warm,350,5,0.0034950658213347197,0.15275493562221526,0.21277884840965272,0.3190293610095978
16QAM-K1824,warm,375,5,0.003131853090599179,0.15293311476707458,0.18924709856510163,0.27593526244163513
16QAM-K1824,warm,400,5,0.002878289530053735,0.1530427634716034,0.16977895200252532,0.24039729833602905
16QAM-K1824,warm,425,5,0.0027001097332686186,0.15323465168476105,0.15343681573867798,0.21369574666023256
16QAM-K1824,warm,450,5,0.0025904604699462652,0.15334430038928987,0.13955574631690978,0.1893734186887741
16QAM-K1824,warm,475,5,0.0024396929889917373,0.15345394909381865,0.12764004468917847,0.170249080657959
16QAM-K1824,warm,500,5,0.0023368969559669495,0.1535361886024475,0.11730844229459762,0.15496304929256438
16QAM-K1824,warm,525,5,0.0022135416511446238,0.153604719042778,0.10827242881059647,0.14032197296619414
16QAM-K1824,warm,550,5,0.002151864068582654,0.15368695557117462,0.10031605511903763,0.12807250618934632
16QAM-K1824,warm,575,5,0.0021450109779834747,0.15378289818763732,0.09326866269111633,0.1188702017068863
16QAM-K1824,warm,600,5,0.002097039483487606,0.15391995906829833,0.08699066191911697,0.11256865113973617
16QAM-K1824,warm,625,5,0.0020696272607892753,0.15401590168476104,0.08136893212795257,0.10260537117719651
16QAM-K1824,warm,650,5,0.0020148026291280986,0.15404331386089326,0.07631000429391861,0.09669744521379471
16QAM-K1824,warm,675,5,0.001966831157915294,0.15408443212509154,0.0717365026473999,0.08979773968458175
16QAM-K1824,warm,700,5,0.0019599780673161147,0.15411184430122377,0.06758506149053574,0.08329334259033203
16QAM-K1824,warm,725,5,0.0019394188420847058,0.15418037474155427,0.06380346268415452,0.0777233213186264
16QAM-K1824,warm,750,5,0.0019325657747685909,0.15422149300575255,0.06034731566905975,0.07437178194522857
16QAM-K1824,warm,775,5,0.0018983004614710809,0.15423519909381866,0.057178639620542523,0.06881645768880844
16QAM-K1824,warm,800,5,0.001870888192206621,0.15427631735801697,0.054264315962791444,0.06578328758478165
16QAM-K1824,warm,825,5,0.0018708881689235568,0.15430372953414917,0.051576229929924014,0.06213669553399086
16QAM-K1824,warm,850,5,0.0018708881689235568,0.15437225997447968,0.04909045919775963,0.06046558097004891
16QAM-K1824,warm,875,5,0.0018777412362396718,0.1543859660625458,0.04678626805543899,0.0562204621732235
16QAM-K1824,warm,900,5,0.0018640351016074419,0.15441337823867798,0.04464593306183815,0.053316515684127805
16QAM-K1824,warm,925,5,0.0018571819877251984,0.15444079041481018,0.042653734982013705,0.05018257349729538
16QAM-K1824,warm,950,5,0.0018503289669752122,0.15446820259094238,0.040795798599720004,0.048511186987161635
16QAM-K1824,warm,975,5,0.0018434759229421615,0.15450932085514069,0.03905979841947556,0.045862287282943726
16QAM-K1824,warm,1000,5,0.0018434758996590972,0.154550439119339,0.037435298413038255,0.043639986962080005
16QAM-K1824,warm,1025,5,0.0018503289902582765,0.1545778512954712,0.035912524163722995,0.0415214903652668
16QAM-K1824,warm,1050,5,0.0018434759229421615,0.1546052634716034,0.034482581168413164,0.040146222710609435
16QAM-K1824,warm,1075,5,0.0018366228323429823,0.1546189695596695,0.03313819244503975,0.03841717466711998
16QAM-K1824,warm,1100,5,0.0018229166744276881,0.1546463817358017,0.031872397661209105,0.03752092942595482
16QAM-K1824,warm,1125,5,0.0018297697650268673,0.1547012060880661,0.03067873641848564,0.03555317297577858
16QAM-K1824,warm,1150,5,0.0018297697650268673,0.1547423243522644,0.029551402479410172,0.03456728011369705
16QAM-K1824,warm,1175,5,0.0018297697883099318,0.1547423243522644,0.02848534882068634,0.0326235868036747
16QAM-K1824,warm,1200,5,0.0018297697883099318,0.15475603342056274,0.027476684004068375,0.03188551440834999
16QAM-K1824,warm,1225,5,0.0018297697883099318,0.15482456386089324,0.026520583778619766,0.0305157907307148
16QAM-K1824,warm,1250,5,0.0018092105630785227,0.15482456386089324,0.02561371736228466,0.02925765551626682
16QAM-K1824,warm,1275,5,0.0018092105630785227,0.15485197603702544,0.024752198532223702,0.028617040440440177
16QAM-K1824,warm,1300,5,0.0018160636071115732,0.15487938821315766,0.023933503404259683,0.028928536921739578
16QAM-K1824,warm,1325,5,0.0018092105397954582,0.15492050647735595,0.023154544457793236,0.02653794437646866
16QAM-K1824,warm,1350,5,0.0018023574957624078,0.15494791865348817,0.022412790358066557,0.025984418392181397
16QAM-K1824,warm,1375,5,0.0017955044284462928,0.15496162474155425,0.021705635264515875,0.024804574996232988
16QAM-K1824,warm,1400,5,0.0018023574724793435,0.15498903691768645,0.021031175553798676,0.024728208407759668
16QAM-K1824,warm,1425,5,0.0017955044051632286,0.15501644909381868,0.02038733325898647,0.023010202497243882
16QAM-K1824,warm,1450,5,0.0017886513145640493,0.15503015518188476,0.01977175697684288,0.02255050465464592
16QAM-K1824,warm,1475,5,0.0017886513378471136,0.15503015518188476,0.019182967022061348,0.02205406576395035
16QAM-K1824,warm,1500,5,0.0017886513378471136,0.15504386126995087,0.0186195470392704,0.021132593601942064
16QAM-K1824,zero,1,5,0.25087719559669497,0.5018229186534882,12.006464385986328,0.0
16QAM-K1824,zero,25,5,0.25087719559669497,0.5018229186534882,5.829461002349854,0.0
16QAM-K1824,zero,50,5,0.25087719559669497,0.5018229186534882,2.946012020111084,0.0
16QAM-K1824,zero,75,5,0.2388843208551407,0.5018229186534882,2.2461952686309816,0.0
16QAM-K1824,zero,100,5,0.1366776317358017,0.5018229186534882,1.9607656002044678,0.0
16QAM-K1824,zero,125,5,0.06174616292119026,0.5018229186534882,1.5405956268310548,0.0
16QAM-K1824,zero,150,5,0.03135279677808285,0.5018229186534882,1.1429507970809936,0.0
16QAM-K1824,zero,175,5,0.01833881586790085,0.5018229186534882,0.8619156599044799,0.0
16QAM-K1824,zero,200,5,0.012081962637603283,0.5018229186534882,0.6734818816184998,0.0
16QAM-K1824,zero,225,5,0.008573190867900848,0.5018229186534882,0.54387868642807,0.0
16QAM-K1824,zero,250,5,0.006620065774768591,0.5018229186534882,0.45107349157333376,0.0
16QAM-K1824,zero,275,5,0.005516721587628126,0.5018229186534882,0.3820942580699921,0.0
16QAM-K1824,zero,300,5,0.004701206181198359,0.5018229186534882,0.3291995346546173,0.0
16QAM-K1824,zero,325,5,0.00422834437340498,0.5018229186534882,0.2875647723674774,0.0
16QAM-K1824,zero,350,5,0.003817160055041313,0.5018229186534882,0.2540651738643646,0.0
16QAM-K1824,zero,375,5,0.0034402412828058006,0.5018229186534882,0.226607608795166,0.0
16QAM-K1824,zero,400,5,0.0032894736621528866,0.5018229186534882,0.20374841392040252,0.0
16QAM-K1824,zero,425,5,0.003056469326838851,0.5018229186534882,0.18446662724018098,0.0
16QAM-K1824,zero,450,5,0.0028851425740867853,0.5018229186534882,0.16801679134368896,0.0
16QAM-K1824,zero,475,5,0.0027823465410619975,0.5018229186534882,0.15384149849414824,0.0
16QAM-K1824,zero,500,5,0.002617872832342982,0.5018229186534882,0.14151841402053833,0.0
16QAM-K1824,zero,525,5,0.002528782933950424,0.5018229186534882,0.13072289228439332,0.0
16QAM-K1824,zero,550,5,0.002473958395421505,0.5018229186534882,0.12120159715414047,0.0
16QAM-K1824,zero,575,5,0.0023917215410619976,0.5018229186534882,0.11275220811367034,0.0
16QAM-K1824,zero,600,5,0.0023026316426694392,0.5018229186534882,0.10521162450313568,0.0
16QAM-K1824,zero,625,5,0.0022066886071115733,0.5018229186534882,0.09844804853200913,0.0
16QAM-K1824,zero,650,5,0.002165570156648755,0.5018229186534882,0.0923526331782341,0.0
16QAM-K1824,zero,675,5,0.002158717135898769,0.5018229186534882,0.08683703392744065,0.0
16QAM-K1824,zero,700,5,0.0020970394602045418,0.5018229186534882,0.08182626664638519,0.0
16QAM-K1824,zero,725,5,0.002076480258256197,0.5018229186534882,0.0772577941417694,0.0
16QAM-K1824,zero,750,5,0.002055921056307852,0.5018229186534882,0.07307937145233154,0.0
16QAM-K1824,zero,775,5,0.0020353619009256365,0.5018229186534882,0.06924638450145722,0.0
16QAM-K1824,zero,800,5,0.0020285087404772638,0.5018229186534882,0.06572059839963913,0.0
16QAM-K1824,zero,825,5,0.0020079495618119834,0.5018229186534882,0.062467653304338455,0.0
16QAM-K1824,zero,850,5,0.002001096517778933,0.5018229186534882,0.05946057289838791,0.0
16QAM-K1824,zero,875,5,0.002001096517778933,0.5018229186534882,0.05667265132069588,0.0
16QAM-K1824,zero,900,5,0.001994243427179754,0.5018229186534882,0.054083021730184554,0.0
16QAM-K1824,zero,925,5,0.001994243427179754,0.5018229186534882,0.05167272016406059,0.0
16QAM-K1824,zero,950,5,0.0019873903365805745,0.5018229186534882,0.04942463412880897,0.0
16QAM-K1824,zero,975,5,0.00198053726926446,0.5018229186534882,0.047324201464653014,0.0
16QAM-K1824,zero,1000,5,0.001973684225231409,0.5018229186534882,0.045358818024396896,0.0
16QAM-K1824,zero,1025,5,0.0019736841786652803,0.5018229186534882,0.04351529031991959,0.0
16QAM-K1824,zero,1050,5,0.001980537245981395,0.5018229186534882,0.04178511649370194,0.0
16QAM-K1824,zero,1075,5,0.0019736841786652803,0.5018229186534882,0.040157095342874524,0.0
16QAM-K1824,zero,1100,5,0.00196683113463223,0.5018229186534882,0.03862495869398117,0.0
16QAM-K1824,zero,1125,5,0.0019736842019483446,0.5018229186534882,0.03717909455299377,0.0
16QAM-K1824,zero,1150,5,0.00196683113463223,0.5018229186534882,0.03581461906433105,0.0
16QAM-K1824,zero,1175,5,0.00196683113463223,0.5018229186534882,0.034524005651473996,0.0
16QAM-K1824,zero,1200,5,0.0019668311811983584,0.5018229186534882,0.0333019495010376,0.0
16QAM-K1824,zero,1225,5,0.00193941886536777,0.5018229186534882,0.03214386701583862,0.0
16QAM-K1824,zero,1250,5,0.00193941886536777,0.5018229186534882,0.031046121194958688,0.0
16QAM-K1824,zero,1275,5,0.001953125,0.5018229186534882,0.030002592876553536,0.0
16QAM-K1824,zero,1300,5,0.001953125,0.5018229186534882,0.02901037409901619,0.0
16QAM-K1824,zero,1325,5,0.0019462719559669495,0.5018229186534882,0.028066278621554374,0.0
16QAM-K1824,zero,1350,5,0.0019462719559669495,0.5018229186534882,0.027167006954550744,0.0
16QAM-K1824,zero,1375,5,0.00193941886536777,0.5018229186534882,0.026310781389474867,0.0
16QAM-K1824,zero,1400,5,0.00193941886536777,0.5018229186534882,0.025492928549647333,0.0
16QAM-K1824,zero,1425,5,0.0019325658213347197,0.5018229186534882,0.02471201680600643,0.0
16QAM-K1824,zero,1450,5,0.0019394188886508346,0.5018229186534882,0.023965809121727945,0.0
16QAM-K1824,zero,1475,5,0.0019394188886508346,0.5018229186534882,0.023252224549651146,0.0
16QAM-K1824,zero,1500,5,0.001946271932683885,0.5018229186534882,0.02256934829056263,0.0
16QAM-K576,rand,1,5,0.4889974057674408,0.4944444537162781,9.920856857299805,7.826275634765625
16QAM-K576,rand,25,5,0.2745225727558136,0.3258246541023254,6.014755153656006,4.951056003570557
16QAM-K576,rand,50,5,0.19225260317325593,0.2624131977558136,3.2514817237854006,2.9762721061706543
16QAM-K576,rand,75,5,0.1596354216337204,0.2424913227558136,2.085363531112671,1.937244176864624
16QAM-K576,rand,100,5,0.12675781548023224,0.2211805611848831,1.566325807571411,1.558807373046875
16QAM-K576,rand,125,5,0.0964626744389534,0.20625,1.2563137054443358,1.7669209957122802
16QAM-K576,rand,150,5,0.070703125,0.19986979365348817,1.0320955753326415,2.229826068878174
16QAM-K576,rand,175,5,0.04915364682674408,0.19830729067325592,0.85319744348526,2.1283788681030273
16QAM-K576,rand,200,5,0.03248697966337204,0.19900174140930177,0.7032963275909424,1.572901177406311
16QAM-K576,rand,225,5,0.02180989608168602,0.19978298544883727,0.5785317420959473,1.0917450428009032
16QAM-K576,rand,250,5,0.01469184011220932,0.200390625,0.4798987805843353,0.8346048951148987
16QAM-K576,rand,275,5,0.01015625037252903,0.2012152761220932,0.402230304479599,0.6600649952888489
16QAM-K576,rand,300,5,0.0078125,0.20160590410232543,0.34168739914894103,0.5183655023574829
16QAM-K576,rand,325,5,0.005598958395421505,0.20182291865348817,0.2944789528846741,0.4279832482337952
16QAM-K576,rand,350,5,0.004513888852670789,0.2022135466337204,0.2567935764789581,0.3643100500106812
16QAM-K576,rand,375,5,0.003906250093132257,0.20247395932674409,0.22657308876514434,0.3087559759616852
16QAM-K576,rand,400,5,0.0034288194961845874,0.20264757573604583,0.20195792317390443,0.2635767161846161
16QAM-K576,rand,425,5,0.0031901041511446238,0.20286458730697632,0.18161877989768982,0.2324328362941742
16QAM-K576,rand,450,5,0.002973090298473835,0.2029947966337204,0.16454912424087526,0.2093876212835312
16QAM-K576,rand,475,5,0.002734375,0.2030815988779068,0.1500271290540695,0.1868477076292038
16QAM-K576,rand,500,5,0.0025173611473292114,0.203125,0.13750596940517426,0.16994461715221404
16QAM-K576,rand,525,5,0.002408854151144624,0.2032986104488373,0.12662505209445954,0.15695448219776154
16QAM-K576,rand,550,5,0.0023654513992369176,0.2034722238779068,0.11709731221199035,0.1423698276281357
16QAM-K576,rand,575,5,0.0022569444496184587,0.203515625,0.10869816988706589,0.13344040066003798
16QAM-K576,rand,600,5,0.0022135416511446238,0.2035590261220932,0.10124575793743133,0.12215877175331116
16QAM-K576,rand,625,5,0.0021050347248092295,0.20360243320465088,0.0945917695760727,0.11295316517353057
16QAM-K576,rand,650,5,0.0020182291977107526,0.20364583730697633,0.08861618936061859,0.10250904858112335
16QAM-K576,rand,675,5,0.0019531250465661286,0.20364583730697633,0.08321972787380219,0.09768995195627213
16QAM-K576,rand,700,5,0.0019314236473292113,0.20368923842906952,0.0783243253827095,0.08921909183263779
16QAM-K576,rand,725,5,0.0018880208488553762,0.20368923842906952,0.07386930286884308,0.08383407890796661
16QAM-K576,rand,750,5,0.0018446180736646056,0.20373264253139495,0.06980297714471817,0.0784203752875328
16QAM-K576,rand,775,5,0.001801215298473835,0.20373264253139495,0.06608007699251175,0.0737253800034523
16QAM-K576,rand,800,5,0.001801215298473835,0.20377604365348817,0.06266169175505638,0.06973239183425903
16QAM-K576,rand,825,5,0.0017361111240461469,0.20381944477558137,0.059514361619949344,0.06602714061737061
16QAM-K576,rand,850,5,0.0017361111240461469,0.2038628488779068,0.056608989089727405,0.0666402667760849
16QAM-K576,rand,875,5,0.0017361111240461469,0.20390625,0.053920477628707886,0.060258683562278745
16QAM-K576,rand,900,5,0.0017144097480922937,0.2039496511220932,0.05142703130841255,0.057405281066894534
16QAM-K576,rand,925,5,0.0017361111473292111,0.20399305522441863,0.049109600484371185,0.05550074279308319
16QAM-K576,rand,950,5,0.0017361111473292111,0.20407986342906953,0.0469512365758419,0.05246002674102783
16QAM-K576,rand,975,5,0.0017361111473292111,0.20407986044883727,0.04493704885244369,0.049620989710092545
16QAM-K576,rand,1000,5,0.0017361111473292111,0.20416666567325592,0.04305387511849403,0.04787622913718224
16QAM-K576,rand,1025,5,0.0017144097480922937,0.20421006679534912,0.04129004031419754,0.045385471731424334
16QAM-K576,rand,1050,5,0.0017144097480922937,0.20416666567325592,0.03963511660695076,0.04311337992548943
16QAM-K576,rand,1075,5,0.0017144097248092294,0.20412326455116273,0.038079824298620224,0.04113602116703987
16QAM-K576,rand,1100,5,0.001692708325572312,0.20412326455116273,0.03661584928631782,0.03936113566160202
16QAM-K576,rand,1125,5,0.001692708325572312,0.20412326455116273,0.03523572310805321,0.03774380460381508
16QAM-K576,rand,1150,5,0.0016710069263353943,0.20412326455116273,0.03393280878663063,0.03679549098014832
16QAM-K576,rand,1175,5,0.0016493055503815413,0.20416666567325592,0.032701147347688676,0.03530657589435578
16QAM-K576,rand,1200,5,0.0016493055503815413,0.20421006977558137,0.031535550579428674,0.03386027291417122
16QAM-K576,rand,1225,5,0.0016493055503815413,0.20421006977558137,0.030431345477700232,0.032871735841035844
16QAM-K576,rand,1250,5,0.0016493055503815413,0.2042534738779068,0.029384295269846917,0.03164127357304096
16QAM-K576,rand,1275,5,0.0016493055503815413,0.204296875,0.028390486910939216,0.03094024881720543
16QAM-K576,rand,1300,5,0.0016493055503815413,0.204296875,0.027446258068084716,0.02919367253780365
16QAM-K576,rand,1325,5,0.0016493055503815413,0.204296875,0.02654825188219547,0.028154725208878517
16QAM-K576,rand,1350,5,0.0016493055503815413,0.204296875,0.02569339983165264,0.027377115935087203
16QAM-K576,rand,1375,5,0.0016493055503815413,0.2043402761220932,0.02487889602780342,0.027179573848843574
16QAM-K576,rand,1400,5,0.0016493055503815413,0.20438368022441863,0.024102137237787247,0.026053282245993615
16QAM-K576,rand,1425,5,0.0016493055503815413,0.20438368022441863,0.02336076684296131,0.024916674196720123
16QAM-K576,rand,1450,5,0.0016493055503815413,0.2043402761220932,0.022652582079172135,0.027723613753914834
16QAM-K576,rand,1475,5,0.0016493055503815413,0.20447048544883728,0.02197554223239422,0.023835593089461326
16QAM-K576,rand,1500,5,0.0016493055503815413,0.20447048544883728,0.02132783867418766,0.022622762620449065
16QAM-K576,warm,1,5,0.3024522662162781,0.30082464814186094,9.113467788696289,7.331386756896973
16QAM-K576,warm,25,5,0.14546441435813903,0.18984375298023223,5.332966995239258,4.369288635253906
16QAM-K576,warm,50,5,0.119140625,0.190234375,2.9128711223602295,2.5518149375915526
16QAM-K576,warm,75,5,0.09066840261220932,0.17491320073604583,1.7794301748275756,1.6918690204620361
16QAM-K576,warm,100,5,0.08125000298023224,0.16553819477558135,1.2574182271957397,1.4840925455093383
16QAM-K576,warm,125,5,0.06397569477558136,0.15742187798023224,0.9980353832244873,2.0016255140304566
16QAM-K576,warm,150,5,0.04511718675494194,0.1542534738779068,0.832061231136322,2.2721160411834718
16QAM-K576,warm,175,5,0.03007812462747097,0.15390625298023225,0.695640766620636,1.8426836490631104
16QAM-K576,warm,200,5,0.01888020820915699,0.15520833432674408,0.5713008642196655,1.3218335390090943
16QAM-K576,warm,225,5,0.012478298880159855,0.15603298544883729,0.4663891911506653,0.9693567514419555
16QAM-K576,warm,250,5,0.008919271267950534,0.15729166865348815,0.38581849336624147,0.7255703926086425
16QAM-K576,warm,275,5,0.006618923600763082,0.15772569477558135,0.3250882148742676,0.5573800802230835
16QAM-K576,warm,300,5,0.005099826399236918,0.1580295145511627,0.27844859957695006,0.44562005400657656
16QAM-K576,warm,325,5,0.0042534722480922936,0.1585503488779068,0.24200564622879028,0.372659295797348
16QAM-K576,warm,350,5,0.0036024305038154123,0.15889757573604585,0.2130133867263794,0.31488850712776184
16QAM-K576,warm,375,5,0.0031684028450399636,0.15920139253139495,0.18942855894565583,0.27986525297164916
16QAM-K576,warm,400,5,0.002777777868323028,0.15933160185813905,0.16989563703536986,0.2385292649269104
16QAM-K576,warm,425,5,0.002560763922519982,0.1594618082046509,0.15350126326084138,0.21233577728271485
16QAM-K576,warm,450,5,0.0023003472248092293,0.15963541567325593,0.13956865668296814,0.1907975882291794
16QAM-K576,warm,475,5,0.0021484375232830645,0.15998264253139496,0.12759025990962983,0.1716442346572876
16QAM-K576,warm,500,5,0.0021484375,0.16015625596046448,0.11720795333385467,0.1558256685733795
16QAM-K576,warm,525,5,0.0020399305736646055,0.16011285185813903,0.10814762562513351,0.1389418363571167
16QAM-K576,warm,550,5,0.001996527821756899,0.1600694477558136,0.1001812070608139,0.12841901183128357
16QAM-K576,warm,575,5,0.0019531250232830643,0.16019965708255768,0.09313060641288758,0.1190246194601059
16QAM-K576,warm,600,5,0.001974826422519982,0.16019965708255768,0.08685398697853089,0.10920333117246628
16QAM-K576,warm,625,5,0.0019097222480922937,0.16032986342906952,0.08123460561037063,0.10465240329504014
16QAM-K576,warm,650,5,0.0019097222480922937,0.16037326455116271,0.07617878168821335,0.09848456382751465
16QAM-K576,warm,675,5,0.0018663194496184587,0.1604600727558136,0.07161176949739456,0.09001645743846894
16QAM-K576,warm,700,5,0.001801215298473835,0.16050347685813904,0.06746904850006104,0.08288646936416626
16QAM-K576,warm,725,5,0.0017578125465661288,0.16063368320465088,0.06369455307722091,0.07846063673496247
16QAM-K576,warm,750,5,0.0016927083488553762,0.16063368320465088,0.06024179682135582,0.07232923954725265
16QAM-K576,warm,775,5,0.001714409701526165,0.16063368320465088,0.05707368329167366,0.06867099404335023
16QAM-K576,warm,800,5,0.0017144097248092294,0.16063368320465088,0.05415877029299736,0.06433644965291023
16QAM-K576,warm,825,5,0.0017144097248092294,0.16063368320465088,0.05147024393081665,0.062301454693078996
16QAM-K576,warm,850,5,0.001692708325572312,0.16067708730697633,0.04898546636104584,0.058893810212612155
16QAM-K576,warm,875,5,0.001692708325572312,0.16076388955116272,0.04668410792946816,0.05492091849446297
16QAM-K576,warm,900,5,0.0017144097248092294,0.16076388955116272,0.044548019766807556,0.05189506709575653
16QAM-K576,warm,925,5,0.0016710069496184588,0.16076388955116272,0.042560812830924985,0.04970775917172432
16QAM-K576,warm,950,5,0.0016493055503815413,0.16080729365348817,0.04070778042078018,0.04774304926395416
16QAM-K576,warm,975,5,0.00164930559694767,0.16080729365348817,0.038975662738084796,0.045107030868530275
16QAM-K576,warm,1000,5,0.0016710069961845876,0.16085069477558137,0.03735356777906418,0.045155292749404906
16QAM-K576,warm,1025,5,0.0016710069961845876,0.16085069477558137,0.035832267999649045,0.04141261130571365
16QAM-K576,warm,1050,5,0.00164930559694767,0.16085069477558137,0.03440350666642189,0.040794755518436435
16QAM-K576,warm,1075,5,0.00164930559694767,0.1608506977558136,0.033060280978679656,0.03827744796872139
16QAM-K576,warm,1100,5,0.001671006972901523,0.16089410185813904,0.03179570958018303,0.03697750940918922
16QAM-K576,warm,1125,5,0.001671006972901523,0.16098090410232543,0.030603303387761117,0.037179546803236006
16QAM-K576,warm,1150,5,0.001671006972901523,0.16106770634651185,0.02947735898196697,0.034805598109960555
16QAM-K576,warm,1175,5,0.001671006972901523,0.16106770634651185,0.028412904217839242,0.032741351425647734
16QAM-K576,warm,1200,5,0.001671006972901523,0.16111111044883727,0.02740606404840946,0.031410838663578036
16QAM-K576,warm,1225,5,0.001671006972901523,0.16111111044883727,0.026451994851231574,0.03012116961181164
16QAM-K576,warm,1250,5,0.001671006972901523,0.16111111044883727,0.02554722726345062,0.028961888700723647
16QAM-K576,warm,1275,5,0.001671006972901523,0.16111111044883727,0.024687889218330383,0.02788834720849991
16QAM-K576,warm,1300,5,0.00164930559694767,0.16111111044883727,0.023871323838829995,0.02688302509486675
16QAM-K576,warm,1325,5,0.00164930559694767,0.16111111044883727,0.023094457760453223,0.025937705859541894
16QAM-K576,warm,1350,5,0.00164930559694767,0.16111111044883727,0.02235465608537197,0.02504719831049442
16QAM-K576,warm,1375,5,0.00164930559694767,0.16111111044883727,0.021649402379989625,0.024209394678473474
16QAM-K576,warm,1400,5,0.00164930559694767,0.16111111044883727,0.02097680903971195,0.023428111523389816
16QAM-K576,warm,1425,5,0.001627604220993817,0.16111111044883727,0.02033487968146801,0.022868983820080756
16QAM-K576,warm,1450,5,0.001627604220993817,0.16115451157093047,0.01972123309969902,0.022195381671190263
16QAM-K576,warm,1475,5,0.001627604220993817,0.16119791567325592,0.019134461134672164,0.021364865452051164
16QAM-K576,warm,1500,5,0.001627604220993817,0.16119791567325592,0.018573128432035447,0.020662089809775352
16QAM-K576,zero,1,5,0.25208333432674407,0.5010416746139527,12.018817520141601,0.0
16QAM-K576,zero,25,5,0.25208333432674407,0.5010416746139527,5.834201335906982,0.0
16QAM-K576,zero,50,5,0.25208333432674407,0.5010416746139527,2.9525418281555176,0.0
16QAM-K576,zero,75,5,0.23947482705116271,0.5010416746139527,2.2550536155700684,0.0
16QAM-K576,zero,100,5,0.13693576455116271,0.5010416746139527,1.9674365758895873,0.0
16QAM-K576,zero,125,5,0.0609592005610466,0.5010416746139527,1.545438003540039,0.0
16QAM-K576,zero,150,5,0.03118489570915699,0.5010416746139527,1.1458515167236327,0.0
16QAM-K576,zero,175,5,0.01827256977558136,0.5010416746139527,0.8636439085006714,0.0
16QAM-K576,zero,200,5,0.01184895820915699,0.5010416746139527,0.675005042552948,0.0
16QAM-K576,zero,225,5,0.00852864570915699,0.5010416746139527,0.5452018976211548,0.0
16QAM-K576,zero,250,5,0.0065321181900799274,0.5010416746139527,0.4522206962108612,0.0
16QAM-K576,zero,275,5,0.005381944496184588,0.5010416746139527,0.3831072568893433,0.0
16QAM-K576,zero,300,5,0.004513888899236917,0.5010416746139527,0.3300884246826172,0.0
16QAM-K576,zero,325,5,0.0038628472946584226,0.5010416746139527,0.2883412837982178,0.0
16QAM-K576,zero,350,5,0.003472222201526165,0.5010416746139527,0.2547374963760376,0.0
16QAM-K576,zero,375,5,0.003168402798473835,0.5010416746139527,0.22718937695026398,0.0
16QAM-K576,zero,400,5,0.0028428819961845873,0.5010416746139527,0.20425673723220825,0.0
16QAM-K576,zero,425,5,0.002690972248092294,0.5010416746139527,0.18491116762161255,0.0
16QAM-K576,zero,450,5,0.002452256972901523,0.5010416746139527,0.1683989495038986,0.0
16QAM-K576,zero,475,5,0.002322048624046147,0.5010416746139527,0.15416179597377777,0.0
16QAM-K576,zero,500,5,0.0022352430736646057,0.5010416746139527,0.14178267419338225,0.0
16QAM-K576,zero,525,5,0.0021484375232830645,0.5010416746139527,0.13094150125980378,0.0
16QAM-K576,zero,550,5,0.0021267361240461468,0.5010416746139527,0.12138446718454361,0.0
16QAM-K576,zero,575,5,0.002061631972901523,0.5010416746139527,0.11290672570466995,0.0
16QAM-K576,zero,600,5,0.002061631926335394,0.5010416746139527,0.10534375160932541,0.0
16QAM-K576,zero,625,5,0.002083333325572312,0.5010416746139527,0.0985635906457901,0.0
16QAM-K576,zero,650,5,0.0021050347248092295,0.5010416746139527,0.09245672225952148,0.0
16QAM-K576,zero,675,5,0.0020182291744276883,0.5010416746139527,0.08693335801362992,0.0
16QAM-K576,zero,700,5,0.001996527798473835,0.5010416746139527,0.08191688060760498,0.0
16QAM-K576,zero,725,5,0.0019748263992369177,0.5010416746139527,0.07734417766332627,0.0
16QAM-K576,zero,750,5,0.001953125,0.5010416746139527,0.07316278964281082,0.0
16QAM-K576,zero,775,5,0.001953125,0.5010416746139527,0.06932770609855651,0.0
16QAM-K576,zero,800,5,0.0019314236240461468,0.5010416746139527,0.06580012291669846,0.0
16QAM-K576,zero,825,5,0.001888020825572312,0.5010416746139527,0.06254520118236542,0.0
16QAM-K576,zero,850,5,0.0018229166977107524,0.5010416746139527,0.059535696357488635,0.0
16QAM-K576,zero,875,5,0.0018229166977107524,0.5010416746139527,0.056744903326034546,0.0
16QAM-K576,zero,900,5,0.001801215298473835,0.5010416746139527,0.05415207296609879,0.0
16QAM-K576,zero,925,5,0.001801215298473835,0.5010416746139527,0.051738503575325015,0.0
16QAM-K576,zero,950,5,0.001801215298473835,0.5010416746139527,0.049487315118312836,0.0
16QAM-K576,zero,975,5,0.0017795138992369175,0.5010416746139527,0.04738409593701363,0.0
16QAM-K576,zero,1000,5,0.0017795138992369175,0.5010416746139527,0.04541626498103142,0.0
16QAM-K576,zero,1025,5,0.0017795138992369175,0.5010416746139527,0.043570543825626376,0.0
16QAM-K576,zero,1050,5,0.0017795138992369175,0.5010416746139527,0.0418382465839386,0.0
16QAM-K576,zero,1075,5,0.0018012152751907707,0.5010416746139527,0.04020787924528122,0.0
16QAM-K576,zero,1100,5,0.0018012152751907707,0.5010416746139527,0.03867317289113999,0.0
16QAM-K576,zero,1125,5,0.0018012152751907707,0.5010416746139527,0.037224553525447845,0.0
16QAM-K576,zero,1150,5,0.0018012152751907707,0.5010416746139527,0.03585729002952576,0.0
16QAM-K576,zero,1175,5,0.0018012152751907707,0.5010416746139527,0.03456409126520157,0.0
16QAM-K576,zero,1200,5,0.0018012152751907707,0.5010416746139527,0.03333971574902535,0.0
16QAM-K576,zero,1225,5,0.0018012152751907707,0.5010416746139527,0.0321796327829361,0.0
16QAM-K576,zero,1250,5,0.0017795138992369175,0.5010416746139527,0.03108020983636379,0.0
16QAM-K576,zero,1275,5,0.0017578125232830643,0.5010416746139527,0.030035189539194106,0.0
16QAM-K576,zero,1300,5,0.0017578125232830643,0.5010416746139527,0.029041686654090883,0.0
16QAM-K576,zero,1325,5,0.0017578125232830643,0.5010416746139527,0.028096459805965424,0.0
16QAM-K576,zero,1350,5,0.0017578125232830643,0.5010416746139527,0.027196176722645758,0.0
16QAM-K576,zero,1375,5,0.0017578125232830643,0.5010416746139527,0.026339081302285194,0.0
16QAM-K576,zero,1400,5,0.0017578125232830643,0.5010416746139527,0.025520413368940353,0.0
16QAM-K576,zero,1425,5,0.0017578125232830643,0.5010416746139527,0.024738746881484985,0.0
16QAM-K576,zero,1450,5,0.0017795139225199818,0.5010416746139527,0.023991857096552847,0.0
16QAM-K576,zero,1475,5,0.0017795139225199818,0.5010416746139527,0.023277636244893075,0.0
16QAM-K576,zero,1500,5,0.0017795139225199818,0.5010416746139527,0.022594156116247176,0.0
64QAM-K2736,rand,1,5,0.49422057867050173,0.4937591373920441,6.930327320098877,5.53273344039917
64QAM-K2736,rand,25,5,0.3515899181365967,0.3826297581195831,4.018587589263916,3.351383638381958
64QAM-K2736,rand,50,5,0.29159814715385435,0.336686772108078,2.2240185260772707,2.0391339302062987
64QAM-K2736,rand,75,5,0.26295230388641355,0.3164930582046509,1.4117120504379272,1.3155152797698975
64QAM-K2736,rand,100,5,0.23452120125293732,0.296737939119339,1.011826992034912,1.020651364326477
64QAM-K2736,rand,125,5,0.20770741999149323,0.2825383722782135,0.7751868009567261,1.2099772214889526
64QAM-K2736,rand,150,5,0.18402777910232543,0.2771381676197052,0.6176902890205384,1.6637417316436767
64QAM-K2736,rand,175,5,0.16434575915336608,0.27627009749412534,0.5056899666786194,1.625067663192749
64QAM-K2736,rand,200,5,0.14808114171028136,0.27701937556266787,0.4220767140388489,1.189503049850464
64QAM-K2736,rand,225,5,0.13515167832374572,0.27775951027870177,0.35754727125167846,0.8309159398078918
64QAM-K2736,rand,250,5,0.12497715950012207,0.27824379205703736,0.30682162642478944,0.6086172938346863
64QAM-K2736,rand,275,5,0.11603618413209915,0.27863669991493223,0.2663314461708069,0.46458383202552794
64QAM-K2736,rand,300,5,0.10863487124443054,0.27894737124443053,0.23352937996387482,0.3702786386013031
64QAM-K2736,rand,325,5,0.10196911543607712,0.2791575312614441,0.20657466351985931,0.30665773153305054
64QAM-K2736,rand,350,5,0.09664199650287628,0.2793494164943695,0.18405092656612396,0.2577654004096985
64QAM-K2736,rand,375,5,0.09151590019464492,0.2794682025909424,0.1653630942106247,0.2207713395357132
64QAM-K2736,rand,400,5,0.08716191798448562,0.2796144068241119,0.14941297471523285,0.1946462094783783
64QAM-K2736,rand,425,5,0.08320997953414917,0.27971491813659666,0.1358732759952545,0.16886224150657653
64QAM-K2736,rand,450,5,0.07973318845033646,0.2797697424888611,0.12423034310340882,0.15081070959568024
64QAM-K2736,rand,475,5,0.0766036182641983,0.2797971546649933,0.11387898176908492,0.13667684197425842
64QAM-K2736,rand,500,5,0.07393549084663391,0.2798428416252136,0.10479773730039596,0.1238487109541893
64QAM-K2736,rand,525,5,0.07135417014360428,0.27985197901725767,0.09676485508680344,0.1116601824760437
64QAM-K2736,rand,550,5,0.06916575282812118,0.27985197901725767,0.0896083265542984,0.10239905565977096
64QAM-K2736,rand,575,5,0.06705957651138306,0.2798793911933899,0.08326891958713531,0.09324662387371063
64QAM-K2736,rand,600,5,0.06519097089767456,0.27987025380134584,0.07756039947271347,0.08691728115081787
64QAM-K2736,rand,625,5,0.06372441425919532,0.27988852858543395,0.07227212637662887,0.08068909645080566
64QAM-K2736,rand,650,5,0.06244517564773559,0.2799159407615662,0.06757986545562744,0.07396377176046372
64QAM-K2736,rand,675,5,0.06113852262496948,0.27994335293769834,0.06333004087209701,0.06896978318691253
64QAM-K2736,rand,700,5,0.05983644053339958,0.2799890398979187,0.05943623036146164,0.06467970460653305
64QAM-K2736,rand,725,5,0.05872167497873306,0.28002558946609496,0.05586412847042084,0.06048085540533066
64QAM-K2736,rand,750,5,0.0578993059694767,0.2800712764263153,0.05260295793414116,0.05672948881983757
64QAM-K2736,rand,775,5,0.05716374292969704,0.28006213903427124,0.049685141444206236,0.05387703850865364
64QAM-K2736,rand,800,5,0.05634594336152077,0.28006213903427124,0.047004387527704236,0.050813839584589
64QAM-K2736,rand,825,5,0.0556971862912178,0.2800986886024475,0.044480602443218234,0.04791614040732384
64QAM-K2736,rand,850,5,0.05520833358168602,0.2801352381706238,0.042163245379924774,0.045566294342279434
64QAM-K2736,rand,875,5,0.05478801280260086,0.28016265034675597,0.040062543004751205,0.04332964569330215
64QAM-K2736,rand,900,5,0.05436769127845764,0.28016265034675597,0.03817221522331238,0.04099966734647751
64QAM-K2736,rand,925,5,0.05390168130397797,0.2801900625228882,0.03638414666056633,0.03992284014821053
64QAM-K2736,rand,950,5,0.05349963530898094,0.2802083373069763,0.034689712524414065,0.037238659709692
64QAM-K2736,rand,975,5,0.053115862607955935,0.2802083373069763,0.033103959262371065,0.035264167189598086
64QAM-K2736,rand,1000,5,0.052814327925443647,0.2802083373069763,0.031623545289039615,0.03470772579312324
64QAM-K2736,rand,1025,5,0.052608735859394073,0.2802448868751526,0.030242285504937173,0.033288924396038054
64QAM-K2736,rand,1050,5,0.05233004465699196,0.2802722990512848,0.02894991934299469,0.031085987761616706
64QAM-K2736,rand,1075,5,0.05218384563922882,0.28025402426719664,0.027741995826363563,0.029693668335676195
64QAM-K2736,rand,1100,5,0.05193713530898094,0.28028143644332887,0.02661355249583721,0.02860713191330433
64QAM-K2736,rand,1125,5,0.05168585553765297,0.280299711227417,0.02556300349533558,0.027275736257433892
64QAM-K2736,rand,1150,5,0.051516813784837724,0.280299711227417,0.024585678428411483,0.026344703137874605
64QAM-K2736,rand,1175,5,0.05139802694320679,0.28031798601150515,0.02365681976079941,0.02566482834517956
64QAM-K2736,rand,1200,5,0.05124269053339958,0.2803453981876373,0.022782002389431,0.02453203685581684
64QAM-K2736,rand,1225,5,0.051073648035526276,0.2803636729717255,0.021956058219075203,0.023415608704090117
64QAM-K2736,rand,1250,5,0.050941155105829236,0.28037281036376954,0.021170083433389664,0.022467990592122077
64QAM-K2736,rand,1275,5,0.050877193361520766,0.2803819477558136,0.02042171321809292,0.02168153561651707
64QAM-K2736,rand,1300,5,0.050776681303977965,0.2803819477558136,0.01971098706126213,0.021137110143899917
64QAM-K2736,rand,1325,5,0.050712719559669495,0.28039108514785765,0.01903531327843666,0.02032843492925167
64QAM-K2736,rand,1350,5,0.05062134563922882,0.2804002225399017,0.018395844846963882,0.019876309856772422
64QAM-K2736,rand,1375,5,0.050497989356517795,0.2804093599319458,0.01778423860669136,0.019046205282211303
64QAM-K2736,rand,1400,5,0.05039747804403305,0.2804184973239899,0.01720372438430786,0.018381569907069205
64QAM-K2736,rand,1425,5,0.05037463456392288,0.280436772108078,0.016654233261942864,0.017698459699749945
64QAM-K2736,rand,1450,5,0.050351791083812714,0.28042763471603394,0.01613212265074253,0.017186253517866134
64QAM-K2736,rand,1475,5,0.05030153542757034,0.28042763471603394,0.01563723348081112,0.016661424189805984
64QAM-K2736,rand,1500,5,0.05022386759519577,0.28045504689216616,0.015162860788404942,0.016290899366140366
64QAM-K2736,warm,1,5,0.3003654956817627,0.29916849732398987,6.350147342681884,5.165971565246582
64QAM-K2736,warm,25,5,0.2590095102787018,0.27693713903427125,3.634084367752075,3.018908739089966
64QAM-K2736,warm,50,5,0.23193531036376952,0.27321820259094237,1.8923566579818725,1.674494218826294
64QAM-K2736,warm,75,5,0.20997350215911864,0.2613761007785797,1.197343611717224,1.1348803997039796
64QAM-K2736,warm,100,5,0.1904468208551407,0.2484649121761322,0.8675607919692994,0.9112176299095154
64QAM-K2736,warm,125,5,0.160800439119339,0.23148757815361024,0.6632360219955444,1.160749340057373
64QAM-K2736,warm,150,5,0.13884777426719666,0.2258497804403305,0.5294204831123352,1.6873692512512206
64QAM-K2736,warm,175,5,0.12306743562221527,0.22501827478408815,0.43324817419052125,1.5152480363845826
64QAM-K2736,warm,200,5,0.11065424084663392,0.22610563039779663,0.360026091337204,1.0665124654769897
64QAM-K2736,warm,225,5,0.10063048452138901,0.22701937556266785,0.3023469865322113,0.7478053092956543
64QAM-K2736,warm,250,5,0.09371345043182373,0.22741228342056274,0.25703784823417664,0.5382110118865967
64QAM-K2736,warm,275,5,0.08856907933950424,0.22790570557117462,0.22190940380096436,0.4193808615207672
64QAM-K2736,warm,300,5,0.08463084846735,0.2281889647245407,0.19443088173866271,0.33459523916244505
64QAM-K2736,warm,325,5,0.08073830455541611,0.22850877344608306,0.17233506143093108,0.27524895071983335
64QAM-K2736,warm,350,5,0.07739857286214828,0.22860014736652373,0.1540127068758011,0.22966292798519133
64QAM-K2736,warm,375,5,0.07450657933950425,0.22870979607105255,0.138638636469841,0.1968608558177948
64QAM-K2736,warm,400,5,0.07199378758668899,0.22880116999149322,0.12541167438030243,0.17225061655044555
64QAM-K2736,warm,425,5,0.06990588307380677,0.2289199560880661,0.1141759142279625,0.15328816771507264
64QAM-K2736,warm,450,5,0.06782711893320084,0.22908442914485933,0.10444160103797913,0.13627636432647705
64QAM-K2736,warm,475,5,0.06603161394596099,0.22914839088916777,0.09596555531024933,0.1231322854757309
64QAM-K2736,warm,500,5,0.06424981504678726,0.2292306274175644,0.08848221600055695,0.11148163676261902
64QAM-K2736,warm,525,5,0.06261878460645676,0.2292306274175644,0.0817921832203865,0.10077835470438004
64QAM-K2736,warm,550,5,0.06122532859444618,0.22926717698574067,0.07579288929700852,0.09272433966398239
64QAM-K2736,warm,575,5,0.06012426912784576,0.22928545176982879,0.07048468589782715,0.08584169298410416
64QAM-K2736,warm,600,5,0.058982092142105105,0.22930372655391693,0.0656795158982277,0.07969828397035598
64QAM-K2736,warm,625,5,0.0579449936747551,0.22938596308231354,0.06128251627087593,0.0734588399529457
64QAM-K2736,warm,650,5,0.057163743674755095,0.22944992482662202,0.057325945049524304,0.0680071085691452
64QAM-K2736,warm,675,5,0.056483004987239835,0.22946819961071013,0.053770788758993146,0.06405064463615417
64QAM-K2736,warm,700,5,0.05572459772229195,0.22952302396297455,0.050558533519506454,0.059352907538414004
64QAM-K2736,warm,725,5,0.05510782226920128,0.2295687109231949,0.04758067950606346,0.05557054504752159
64QAM-K2736,warm,750,5,0.05463724434375763,0.22957784831523895,0.04486212879419327,0.052741576731204984
64QAM-K2736,warm,775,5,0.054120979458093646,0.22960526049137114,0.042391387373209,0.04921311140060425
64QAM-K2736,warm,800,5,0.05373720824718475,0.22962353527545928,0.04014048427343368,0.04652774035930633
64QAM-K2736,warm,825,5,0.05335800498723984,0.22963267266750337,0.038064738363027574,0.0441976860165596
64QAM-K2736,warm,850,5,0.052978801727294925,0.22965094745159148,0.036147505044937134,0.04172667041420937
64QAM-K2736,warm,875,5,0.05262701064348221,0.22969663441181182,0.03437239453196526,0.039719763398170474
64QAM-K2736,warm,900,5,0.052302632480859756,0.22971490919589996,0.03273041620850563,0.037458157539367674
64QAM-K2736,warm,925,5,0.05209703966975212,0.2297057718038559,0.031189963594079016,0.03543214127421379
64QAM-K2736,warm,950,5,0.05199652761220932,0.2297057718038559,0.029761089012026787,0.033799178153276446
64QAM-K2736,warm,975,5,0.05181834772229195,0.22969663441181182,0.02843325212597847,0.032678449898958205
64QAM-K2736,warm,1000,5,0.05162646248936653,0.22969663441181182,0.027205076068639755,0.030792475491762162
64QAM-K2736,warm,1025,5,0.05145742073655128,0.22971490919589996,0.02605418674647808,0.029805666580796242
64QAM-K2736,warm,1050,5,0.05130208432674408,0.2297605961561203,0.02498512901365757,0.028543820977210997
64QAM-K2736,warm,1075,5,0.051169592142105105,0.22975145876407624,0.02398541122674942,0.027231672406196596
64QAM-K2736,warm,1100,5,0.05102796033024788,0.2297605961561203,0.023029202222824098,0.026111695915460587
64QAM-K2736,warm,1125,5,0.050982273370027545,0.22977887094020844,0.02212647758424282,0.025725486129522322
64QAM-K2736,warm,1150,5,0.05090460479259491,0.2297880083322525,0.021275803074240686,0.024257491156458855
64QAM-K2736,warm,1175,5,0.05081323087215424,0.22979714572429658,0.02047269232571125,0.023359872028231622
64QAM-K2736,warm,1200,5,0.05072642564773559,0.22979714572429658,0.01971288174390793,0.022498802095651627
64QAM-K2736,warm,1225,5,0.05068530738353729,0.22981542050838472,0.018995900452136994,0.022093306481838226
64QAM-K2736,warm,1250,5,0.05061220824718475,0.22980628311634063,0.0183204784989357,0.020925816893577576
64QAM-K2736,warm,1275,5,0.05059393271803856,0.22983369529247283,0.017682819813489913,0.020381832122802736
64QAM-K2736,warm,1300,5,0.050516264885663985,0.2298702448606491,0.01708080917596817,0.019591549411416054
64QAM-K2736,warm,1325,5,0.05047514662146568,0.2298702448606491,0.016507118940353394,0.018778640031814575
64QAM-K2736,warm,1350,5,0.05038834065198898,0.2298702448606491,0.01595698520541191,0.01808968521654606
64QAM-K2736,warm,1375,5,0.05038377195596695,0.22987938225269317,0.015431783348321914,0.017496248334646226
64QAM-K2736,warm,1400,5,0.050351791083812714,0.22988851964473725,0.014934161677956581,0.0170099712908268
64QAM-K2736,warm,1425,5,0.05028782933950424,0.22991593182086945,0.014463662914931775,0.01652120053768158
64QAM-K2736,warm,1450,5,0.05024671107530594,0.2299250692129135,0.014015994779765607,0.015818029269576074
64QAM-K2736,warm,1475,5,0.050233004987239836,0.2299250692129135,0.013587545603513718,0.015622413344681263
64QAM-K2736,warm,1500,5,0.05024671107530594,0.2299250692129135,0.013179175741970538,0.014951006881892681
64QAM-K2736,zero,1,5,0.339569628238678,0.49850147366523745,8.26015396118164,0.0
64QAM-K2736,zero,25,5,0.339569628238678,0.49850147366523745,3.9814629554748535,0.0
64QAM-K2736,zero,50,5,0.339569628238678,0.49850147366523745,2.1711581230163572,0.0
64QAM-K2736,zero,75,5,0.3028645932674408,0.49850147366523745,1.4824867010116578,0.0
64QAM-K2736,zero,100,5,0.2223912686109543,0.49850147366523745,1.1120986223220826,0.0
64QAM-K2736,zero,125,5,0.18832693994045258,0.49850147366523745,0.8295017004013061,0.0
64QAM-K2736,zero,150,5,0.16902412176132203,0.49850147366523745,0.6349881410598754,0.0
64QAM-K2736,zero,175,5,0.1552174746990204,0.49850147366523745,0.5060482740402221,0.0
64QAM-K2736,zero,200,5,0.14449470043182372,0.49850147366523745,0.41938756704330443,0.0
64QAM-K2736,zero,225,5,0.1352384865283966,0.49850147366523745,0.3589786410331726,0.0
64QAM-K2736,zero,250,5,0.12547514736652374,0.49850147366523745,0.31363688707351683,0.0
64QAM-K2736,zero,275,5,0.1152869164943695,0.49850147366523745,0.2763721585273743,0.0
64QAM-K2736,zero,300,5,0.10599415153264999,0.49850147366523745,0.24436046481132506,0.0
64QAM-K2736,zero,325,5,0.09715826213359832,0.49850147366523745,0.21694208085536956,0.0
64QAM-K2736,zero,350,5,0.08987573087215424,0.49850147366523745,0.19335250854492186,0.0
64QAM-K2736,zero,375,5,0.08384503126144409,0.49850147366523745,0.17306522130966187,0.0
64QAM-K2736,zero,400,5,0.07875091433525086,0.49850147366523745,0.15559557676315308,0.0
64QAM-K2736,zero,425,5,0.0745659738779068,0.49850147366523745,0.14066630601882935,0.0
64QAM-K2736,zero,450,5,0.07077850997447968,0.49850147366523745,0.12768296599388124,0.0
64QAM-K2736,zero,475,5,0.06800986975431442,0.49850147366523745,0.11638854146003723,0.0
64QAM-K2736,zero,500,5,0.06566154807806016,0.49850147366523745,0.10661736279726028,0.0
64QAM-K2736,zero,525,5,0.06365131437778473,0.49850147366523745,0.09809121787548065,0.0
64QAM-K2736,zero,550,5,0.06201571673154831,0.49850147366523745,0.09062502831220627,0.0
64QAM-K2736,zero,575,5,0.06053088456392288,0.49850147366523745,0.08403412848711014,0.0
64QAM-K2736,zero,600,5,0.05908717140555382,0.49850147366523745,0.0781256079673767,0.0
64QAM-K2736,zero,625,5,0.05783077552914619,0.49850147366523745,0.07282182276248932,0.0
64QAM-K2736,zero,650,5,0.05696271955966949,0.49850147366523745,0.06803999990224838,0.0
64QAM-K2736,zero,675,5,0.05606725141406059,0.49850147366523745,0.06375509053468705,0.0
64QAM-K2736,zero,700,5,0.05540478825569153,0.49850147366523745,0.059877558052539824,0.0
64QAM-K2736,zero,725,5,0.05473775640130043,0.49850147366523745,0.05635976493358612,0.0
64QAM-K2736,zero,750,5,0.054230629652738574,0.49850147366523745,0.05316934660077095,0.0
64QAM-K2736,zero,775,5,0.05376918911933899,0.49850147366523745,0.05025116428732872,0.0
64QAM-K2736,zero,800,5,0.053417398035526274,0.49850147366523745,0.04757866188883782,0.0
64QAM-K2736,zero,825,5,0.05299250781536102,0.49850147366523745,0.04512469321489334,0.0
64QAM-K2736,zero,850,5,0.052595029771327975,0.49850147366523745,0.04285149946808815,0.0
64QAM-K2736,zero,875,5,0.05232090651988983,0.49850147366523745,0.04075440838932991,0.0
64QAM-K2736,zero,900,5,0.052001096308231354,0.49850147366523745,0.038814537972211835,0.0
64QAM-K2736,zero,925,5,0.05183662325143814,0.49850147366523745,0.037009496986865995,0.0
64QAM-K2736,zero,950,5,0.05157163888216019,0.49850147366523745,0.0353307768702507,0.0
64QAM-K2736,zero,975,5,0.05137975215911865,0.49850147366523745,0.033766970038414,0.0
64QAM-K2736,zero,1000,5,0.05125182718038559,0.49850147366523745,0.03230695202946663,0.0
64QAM-K2736,zero,1025,5,0.051137609779834746,0.49850147366523745,0.030943286418914796,0.0
64QAM-K2736,zero,1050,5,0.05103709846735001,0.49850147366523745,0.029671910405158996,0.0
64QAM-K2736,zero,1075,5,0.05085891932249069,0.49850147366523745,0.028476187214255332,0.0
64QAM-K2736,zero,1100,5,0.05075383931398392,0.49850147366523745,0.02735133469104767,0.0
64QAM-K2736,zero,1125,5,0.050689876079559326,0.49850147366523745,0.026293689012527467,0.0
64QAM-K2736,zero,1150,5,0.05058022737503052,0.49850147366523745,0.025295740365982054,0.0
64QAM-K2736,zero,1175,5,0.05038834065198898,0.49850147366523745,0.024351770430803298,0.0
64QAM-K2736,zero,1200,5,0.05033351629972458,0.49850147366523745,0.023458396643400194,0.0
64QAM-K2736,zero,1225,5,0.050255848467350005,0.49850147366523745,0.022615881636738777,0.0
64QAM-K2736,zero,1250,5,0.050205592066049576,0.49850147366523745,0.021819013729691507,0.0
64QAM-K2736,zero,1275,5,0.05018274858593941,0.49850147366523745,0.0210625808686018,0.0
64QAM-K2736,zero,1300,5,0.05016447454690933,0.49850147366523745,0.020344100892543793,0.0
64QAM-K2736,zero,1325,5,0.05007310062646866,0.49850147366523745,0.019660678505897523,0.0
64QAM-K2736,zero,1350,5,0.05005482509732247,0.49850147366523745,0.019010857865214347,0.0
64QAM-K2736,zero,1375,5,0.05004568696022034,0.49850147366523745,0.018394758552312852,0.0
64QAM-K2736,zero,1400,5,0.04999086260795593,0.49850147366523745,0.01781046688556671,0.0
64QAM-K2736,zero,1425,5,0.04996345043182373,0.49850147366523745,0.017253677174448968,0.0
64QAM-K2736,zero,1450,5,0.04989948868751526,0.49850147366523745,0.016721369698643684,0.0
64QAM-K2736,zero,1475,5,0.04986750781536102,0.49850147366523745,0.01621059738099575,0.0
64QAM-K2736,zero,1500,5,0.04986293911933899,0.49850147366523745,0.01572139039635658,0.0
