qam,receiver,snr_db,n_seeds,bler_mean,ci_lo,ci_hi,pooled_errors,pooled_blocks,cp_lo,cp_hi
16,AINR,-1.0,5,1.0,1.0,1.0,6400,6400,0.9994237786646104,1.0
16,AINR,-0.5,5,1.0,1.0,1.0,6400,6400,0.9994237786646104,1.0
16,AINR,0.0,5,0.99640625,0.9931453810824437,0.9996671189175564,6377,6400,0.994612461168671,0.9977205484267521
16,AINR,0.1,5,0.9824999999999999,0.9808767958848693,0.9841232041151305,6288,6400,0.978980518783071,0.9855692966513399
16,AINR,0.2,5,0.94140625,0.9331465718898153,0.9496659281101847,6025,6400,0.935370013457512,0.9470362006860337
16,AINR,0.3,5,0.8785937500000001,0.8615059950558613,0.8956815049441388,5623,6400,0.8703411790580269,0.8864995588684258
16,AINR,0.4,5,0.76390625,0.7555784964683687,0.7722340035316313,4889,6400,0.753304735308003,0.7742667544082523
16,AINR,0.5,5,0.59546875,0.5531274287644035,0.6378100712355965,3811,6400,0.5833249464770335,0.6075254824191443
16,AINR,0.6,5,0.43328125,0.4055744755139932,0.4609880244860068,2773,6400,0.4210956282455184,0.44552771684638537
16,AINR,0.7,5,0.2740625,0.25960257146108434,0.28852242853891563,1754,6400,0.26316151726547815,0.28516972167626037
16,AINR,0.8,5,0.16062500000000002,0.1444423097095056,0.17680769029049442,1028,6400,0.1517071753578847,0.1698532305752773
16,AINR,0.9,5,0.07875000000000001,0.07263791517637687,0.08486208482362316,504,6400,0.07226604715482045,0.0856208205876239
16,AINR,1.0,5,0.040156250000000004,0.03246894802947593,0.047843551970524076,257,6400,0.03547885861575678,0.04525834222956717
16,AINR,1.1,5,0.01640625,0.011459946127994822,0.02135255387200518,105,6400,0.01343778209690569,0.019826363440053542
16,AINR,1.2,5,0.0053124999999999995,0.003100445660965199,0.0075245543390347995,34,6400,0.00368178312150549,0.007415845477462585
16,AINR,1.3,5,0.0034374999999999996,0.0023314728304825996,0.0045435271695174,22,6400,0.0021554784086306933,0.0051998174127679455
16,AINR,1.4,5,0.0009375000000000002,-0.00032729045680367414,0.0022022904568036747,6,6400,0.000344121215414376,0.0020394175878437892
16,AINR,1.5,5,0.000625,-0.0001866020575652873,0.0014366020575652873,4,6400,0.00017031688364729677,0.0015994680556412216
16,AINR,1.6,5,0.0004687500000000001,-0.0003988890953743104,0.0013363890953743106,3,6400,9.667795315697221e-05,0.0013692693112892498
16,AINR,1.7,5,0.0003125,-0.00021881826613926223,0.0008438182661392622,2,6400,3.784744055213186e-05,0.0011283967664555666
16,AINR,1.8,5,0.00015625,-0.00027756954768715515,0.0005900695476871552,1,6400,3.955899672953546e-06,0.0008702584112745185
16,AINR,1.9,5,0.00015625,-0.00027756954768715515,0.0005900695476871552,1,6400,3.955899672953546e-06,0.0008702584112745185
16,AINR,2.0,5,0.0,0.0,0.0,0,6400,0.0,0.0005762213353895955
16,AINR,2.5,5,0.0,0.0,0.0,0,6400,0.0,0.0005762213353895955
16,AINR,3.0,5,0.0,0.0,0.0,0,6400,0.0,0.0005762213353895955
16,AINR,3.5,5,0.0,0.0,0.0,0,6400,0.0,0.0005762213353895955
16,AINR,4.0,5,0.0,0.0,0.0,0,6400,0.0,0.0005762213353895955
16,AINR,4.1,5,0.0,0.0,0.0,0,6400,0.0,0.0005762213353895955
16,AINR,4.2,5,0.0,0.0,0.0,0,6400,0.0,0.0005762213353895955
16,AINR,4.3,5,0.0,0.0,0.0,0,6400,0.0,0.0005762213353895955
16,AINR,4.4,5,0.0,0.0,0.0,0,6400,0.0,0.0005762213353895955
16,AINR,4.5,5,0.0,0.0,0.0,0,6400,0.0,0.0005762213353895955
16,AINR,4.6,5,0.0,0.0,0.0,0,6400,0.0,0.0005762213353895955
16,AINR,4.7,5,0.0,0.0,0.0,0,6400,0.0,0.0005762213353895955
16,AINR,4.8,5,0.0,0.0,0.0,0,6400,0.0,0.0005762213353895955
16,AINR,4.9,5,0.0,0.0,0.0,0,6400,0.0,0.0005762213353895955
16,AINR,5.0,5,0.0,0.0,0.0,0,6400,0.0,0.0005762213353895955
16,AINR,5.1,5,0.0,0.0,0.0,0,6400,0.0,0.0005762213353895955
16,AINR,5.2,5,0.0,0.0,0.0,0,6400,0.0,0.0005762213353895955
16,AINR,5.3,5,0.0,0.0,0.0,0,6400,0.0,0.0005762213353895955
16,AINR,5.4,5,0.0,0.0,0.0,0,6400,0.0,0.0005762213353895955
16,AINR,5.5,5,0.0,0.0,0.0,0,6400,0.0,0.0005762213353895955
16,AINR,5.6,5,0.0,0.0,0.0,0,6400,0.0,0.0005762213353895955
16,AINR,5.7,5,0.0,0.0,0.0,0,6400,0.0,0.0005762213353895955
16,AINR,5.8,5,0.0,0.0,0.0,0,6400,0.0,0.0005762213353895955
16,AINR,5.9,5,0.0,0.0,0.0,0,6400,0.0,0.0005762213353895955
16,AINR,6.0,5,0.0,0.0,0.0,0,6400,0.0,0.0005762213353895955
16,DiscNRX,-1.0,5,1.0,1.0,1.0,6400,6400,0.9994237786646104,1.0
16,DiscNRX,-0.5,5,1.0,1.0,1.0,6400,6400,0.9994237786646104,1.0
16,DiscNRX,0.0,5,0.9946875000000001,0.9930935452015822,0.9962814547984179,6366,6400,0.9925841545225375,0.9963182168784945
16,DiscNRX,0.1,5,0.9815624999999999,0.9778942228707719,0.9852307771292279,6282,6400,0.9779604190244816,0.9847156157552233
16,DiscNRX,0.2,5,0.93578125,0.9291521806920499,0.9424103193079502,5989,6400,0.9294960911034001,0.9416655935383129
16,DiscNRX,0.3,5,0.8634375000000001,0.8469409448342803,0.8799340551657199,5526,6400,0.8547809335019337,0.8717613922333574
16,DiscNRX,0.4,5,0.74375,0.7269622484699904,0.7605377515300097,4760,6400,0.7328667630234578,0.7544106934990917
16,DiscNRX,0.5,5,0.56546875,0.5411458222617511,0.5897916777382488,3619,6400,0.5532187708137513,0.577659024218016
16,DiscNRX,0.6,5,0.40437500000000004,0.3937796735740022,0.4149703264259979,2588,6400,0.39231908381282626,0.4165181298427674
16,DiscNRX,0.7,5,0.25140625,0.24484853981352261,0.2579639601864774,1609,6400,0.24081487310448021,0.2622246063592779
16,DiscNRX,0.8,5,0.14578125,0.1275608289971395,0.1640016710028605,933,6400,0.13722041034768337,0.15466622032155622
16,DiscNRX,0.9,5,0.06890625000000002,0.061348570601766024,0.07646392939823402,441,6400,0.06282005246846242,0.07538873818217913
16,DiscNRX,1.0,5,0.03375,0.025709695659696077,0.041790304340303924,216,6400,0.029461204588842205,0.03847018879493083
16,DiscNRX,1.1,5,0.014687500000000001,0.010606366959279485,0.018768633040720517,94,6400,0.011884868424823768,0.017944173599608444
16,DiscNRX,1.2,5,0.005156249999999999,0.0023615630590077263,0.007950936940992272,33,6400,0.003551904410614719,0.007233738861466226
16,DiscNRX,1.3,5,0.0023437499999999995,0.0008099662800956581,0.003877533719904341,15,6400,0.0013123539792161214,0.0038627174933018385
16,DiscNRX,1.4,5,0.000625,0.00019118045231284483,0.001058819547687155,4,6400,0.00017031688364729677,0.0015994680556412216
16,DiscNRX,1.5,5,0.000625,-0.0006397904568036743,0.0018897904568036744,4,6400,0.00017031688364729677,0.0015994680556412216
16,DiscNRX,1.6,5,0.00015625,-0.00027756954768715515,0.0005900695476871552,1,6400,3.955899672953546e-06,0.0008702584112745185
16,DiscNRX,1.7,5,0.00015625,-0.00027756954768715515,0.0005900695476871552,1,6400,3.955899672953546e-06,0.0008702584112745185
16,DiscNRX,1.8,5,0.00015625,-0.00027756954768715515,0.0005900695476871552,1,6400,3.955899672953546e-06,0.0008702584112745185
16,DiscNRX,1.9,5,0.00015625,-0.00027756954768715515,0.0005900695476871552,1,6400,3.955899672953546e-06,0.0008702584112745185
16,DiscNRX,2.0,5,0.0,0.0,0.0,0,6400,0.0,0.0005762213353895955
16,DiscNRX,2.5,5,0.0,0.0,0.0,0,6400,0.0,0.0005762213353895955
16,DiscNRX,3.0,5,0.0,0.0,0.0,0,6400,0.0,0.0005762213353895955
16,DiscNRX,3.5,5,0.0,0.0,0.0,0,6400,0.0,0.0005762213353895955
16,DiscNRX,4.0,5,0.0,0.0,0.0,0,6400,0.0,0.0005762213353895955
16,DiscNRX,4.1,5,0.0,0.0,0.0,0,6400,0.0,0.0005762213353895955
16,DiscNRX,4.2,5,0.0,0.0,0.0,0,6400,0.0,0.0005762213353895955
16,DiscNRX,4.3,5,0.0,0.0,0.0,0,6400,0.0,0.0005762213353895955
16,DiscNRX,4.4,5,0.0,0.0,0.0,0,6400,0.0,0.0005762213353895955
16,DiscNRX,4.5,5,0.0,0.0,0.0,0,6400,0.0,0.0005762213353895955
16,DiscNRX,4.6,5,0.0,0.0,0.0,0,6400,0.0,0.0005762213353895955
16,DiscNRX,4.7,5,0.0,0.0,0.0,0,6400,0.0,0.0005762213353895955
16,DiscNRX,4.8,5,0.0,0.0,0.0,0,6400,0.0,0.0005762213353895955
16,DiscNRX,4.9,5,0.0,0.0,0.0,0,6400,0.0,0.0005762213353895955
16,DiscNRX,5.0,5,0.0,0.0,0.0,0,6400,0.0,0.0005762213353895955
16,DiscNRX,5.1,5,0.0,0.0,0.0,0,6400,0.0,0.0005762213353895955
16,DiscNRX,5.2,5,0.0,0.0,0.0,0,6400,0.0,0.0005762213353895955
16,DiscNRX,5.3,5,0.0,0.0,0.0,0,6400,0.0,0.0005762213353895955
16,DiscNRX,5.4,5,0.0,0.0,0.0,0,6400,0.0,0.0005762213353895955
16,DiscNRX,5.5,5,0.0,0.0,0.0,0,6400,0.0,0.0005762213353895955
16,DiscNRX,5.6,5,0.0,0.0,0.0,0,6400,0.0,0.0005762213353895955
16,DiscNRX,5.7,5,0.0,0.0,0.0,0,6400,0.0,0.0005762213353895955
16,DiscNRX,5.8,5,0.0,0.0,0.0,0,6400,0.0,0.0005762213353895955
16,DiscNRX,5.9,5,0.0,0.0,0.0,0,6400,0.0,0.0005762213353895955
16,DiscNRX,6.0,5,0.0,0.0,0.0,0,6400,0.0,0.0005762213353895955
16,LS-LIN,-1.0,1,1.0,nan,nan,1280,1280,0.9971222117206432,1.0
16,LS-LIN,-0.5,1,1.0,nan,nan,1280,1280,0.9971222117206432,1.0
16,LS-LIN,0.0,1,1.0,nan,nan,1280,1280,0.9971222117206432,1.0
16,LS-LIN,0.1,1,1.0,nan,nan,1280,1280,0.9971222117206432,1.0
16,LS-LIN,0.2,1,1.0,nan,nan,1280,1280,0.9971222117206432,1.0
16,LS-LIN,0.3,1,1.0,nan,nan,1280,1280,0.9971222117206432,1.0
16,LS-LIN,0.4,1,1.0,nan,nan,1280,1280,0.9971222117206432,1.0
16,LS-LIN,0.5,1,1.0,nan,nan,1280,1280,0.9971222117206432,1.0
16,LS-LIN,0.6,1,1.0,nan,nan,1280,1280,0.9971222117206432,1.0
16,LS-LIN,0.7,1,1.0,nan,nan,1280,1280,0.9971222117206432,1.0
16,LS-LIN,0.8,1,1.0,nan,nan,1280,1280,0.9971222117206432,1.0
16,LS-LIN,0.9,1,1.0,nan,nan,1280,1280,0.9971222117206432,1.0
16,LS-LIN,1.0,1,1.0,nan,nan,1280,1280,0.9971222117206432,1.0
16,LS-LIN,1.1,1,1.0,nan,nan,1280,1280,0.9971222117206432,1.0
16,LS-LIN,1.2,1,1.0,nan,nan,1280,1280,0.9971222117206432,1.0
16,LS-LIN,1.3,1,1.0,nan,nan,1280,1280,0.9971222117206432,1.0
16,LS-LIN,1.4,1,1.0,nan,nan,1280,1280,0.9971222117206432,1.0
16,LS-LIN,1.5,1,1.0,nan,nan,1280,1280,0.9971222117206432,1.0
16,LS-LIN,1.6,1,1.0,nan,nan,1280,1280,0.9971222117206432,1.0
16,LS-LIN,1.7,1,1.0,nan,nan,1280,1280,0.9971222117206432,1.0
16,LS-LIN,1.8,1,1.0,nan,nan,1280,1280,0.9971222117206432,1.0
16,LS-LIN,1.9,1,1.0,nan,nan,1280,1280,0.9971222117206432,1.0
16,LS-LIN,2.0,1,1.0,nan,nan,1280,1280,0.9971222117206432,1.0
16,LS-LIN,2.5,1,1.0,nan,nan,1280,1280,0.9971222117206432,1.0
16,LS-LIN,3.0,1,1.0,nan,nan,1280,1280,0.9971222117206432,1.0
16,LS-LIN,3.5,1,1.0,nan,nan,1280,1280,0.9971222117206432,1.0
16,LS-LIN,4.0,1,0.99453125,nan,nan,1273,1280,0.988764932973834,0.9977985366359646
16,LS-LIN,4.1,1,0.98984375,nan,nan,1267,1280,0.9826951211725546,0.994581454830925
16,LS-LIN,4.2,1,0.95859375,nan,nan,1227,1280,0.946186999591703,0.9688327443721615
16,LS-LIN,4.3,1,0.91328125,nan,nan,1169,1280,0.8965078354045193,0.9281259497602341
16,LS-LIN,4.4,1,0.80234375,nan,nan,1027,1280,0.7794531432798462,0.8238364716635116
16,LS-LIN,4.5,1,0.709375,nan,nan,908,1280,0.6836493090671508,0.7341353523921639
16,LS-LIN,4.6,1,0.53046875,nan,nan,679,1280,0.5026942558676767,0.5581030197992507
16,LS-LIN,4.7,1,0.3671875,nan,nan,470,1280,0.3407201777689704,0.3942664513629612
16,LS-LIN,4.8,1,0.2390625,nan,nan,306,1280,0.2159273197965481,0.2634023060998568
16,LS-LIN,4.9,1,0.12421875,nan,nan,159,1280,0.10663799372795724,0.14354508796961835
16,LS-LIN,5.0,1,0.0640625,nan,nan,82,1280,0.05127162107069003,0.07889736308596
16,LS-LIN,5.1,1,0.02734375,nan,nan,35,1280,0.01911820132530096,0.037824765053684956
16,LS-LIN,5.2,1,0.01640625,nan,nan,21,1280,0.010183670464162986,0.02496984239980414
16,LS-LIN,5.3,1,0.00546875,nan,nan,7,1280,0.002201463364035384,0.011235067026165928
16,LS-LIN,5.4,1,0.00078125,nan,nan,1,1280,1.977934187396457e-05,0.004345081045509589
16,LS-LIN,5.5,1,0.0,nan,nan,0,1280,0.0,0.002877788279356856
16,LS-LIN,5.6,1,0.0,nan,nan,0,1280,0.0,0.002877788279356856
16,LS-LIN,5.7,1,0.0,nan,nan,0,1280,0.0,0.002877788279356856
16,LS-LIN,5.8,1,0.0,nan,nan,0,1280,0.0,0.002877788279356856
16,LS-LIN,5.9,1,0.0,nan,nan,0,1280,0.0,0.002877788279356856
16,LS-LIN,6.0,1,0.0,nan,nan,0,1280,0.0,0.002877788279356856
16,LS-LMMSE,-1.0,1,1.0,nan,nan,1280,1280,0.9971222117206432,1.0
16,LS-LMMSE,-0.5,1,1.0,nan,nan,1280,1280,0.9971222117206432,1.0
16,LS-LMMSE,0.0,1,0.99921875,nan,nan,1279,1280,0.9956549189544904,0.9999802206581261
16,LS-LMMSE,0.1,1,0.99609375,nan,nan,1275,1280,0.9909078404375566,0.9987304719066507
16,LS-LMMSE,0.2,1,0.98125,nan,nan,1256,1280,0.9722292790757663,0.9879505012619674
16,LS-LMMSE,0.3,1,0.95859375,nan,nan,1227,1280,0.946186999591703,0.9688327443721615
16,LS-LMMSE,0.4,1,0.8875,nan,nan,1136,1280,0.8689021114801898,0.904295730953933
16,LS-LMMSE,0.5,1,0.8296875,nan,nan,1062,1280,0.8079528320500302,0.8498958055233379
16,LS-LMMSE,0.6,1,0.7046875,nan,nan,902,1280,0.6788560854710802,0.7295752763965901
16,LS-LMMSE,0.7,1,0.534375,nan,nan,684,1280,0.5066053947411753,0.5619864019748536
16,LS-LMMSE,0.8,1,0.4234375,nan,nan,542,1280,0.39618092137990796,0.45104650197965784
16,LS-LMMSE,0.9,1,0.27421875,nan,nan,351,1280,0.2499299853014646,0.2995488660084349
16,LS-LMMSE,1.0,1,0.17734375,nan,nan,227,1280,0.15678809922065517,0.1993926426582449
16,LS-LMMSE,1.1,1,0.10234375,nan,nan,131,1280,0.08627643522395355,0.12026267553688456
16,LS-LMMSE,1.2,1,0.03984375,nan,nan,51,1280,0.02980757665494892,0.05205681041241421
16,LS-LMMSE,1.3,1,0.015625,nan,nan,20,1280,0.009569594967586588,0.024028820336565275
16,LS-LMMSE,1.4,1,0.01171875,nan,nan,15,1280,0.0065733201146577006,0.019254741493315953
16,LS-LMMSE,1.5,1,0.00546875,nan,nan,7,1280,0.002201463364035384,0.011235067026165928
16,LS-LMMSE,1.6,1,0.0015625,nan,nan,2,1280,0.0001892820436669699,0.0056327795890735955
16,LS-LMMSE,1.7,1,0.0015625,nan,nan,2,1280,0.0001892820436669699,0.0056327795890735955
16,LS-LMMSE,1.8,1,0.0,nan,nan,0,1280,0.0,0.002877788279356856
16,LS-LMMSE,1.9,1,0.00078125,nan,nan,1,1280,1.977934187396457e-05,0.004345081045509589
16,LS-LMMSE,2.0,1,0.0,nan,nan,0,1280,0.0,0.002877788279356856
16,LS-LMMSE,2.5,1,0.0,nan,nan,0,1280,0.0,0.002877788279356856
16,LS-LMMSE,3.0,1,0.0,nan,nan,0,1280,0.0,0.002877788279356856
16,LS-LMMSE,3.5,1,0.0,nan,nan,0,1280,0.0,0.002877788279356856
16,LS-LMMSE,4.0,1,0.0,nan,nan,0,1280,0.0,0.002877788279356856
16,LS-LMMSE,4.1,1,0.0,nan,nan,0,1280,0.0,0.002877788279356856
16,LS-LMMSE,4.2,1,0.0,nan,nan,0,1280,0.0,0.002877788279356856
16,LS-LMMSE,4.3,1,0.0,nan,nan,0,1280,0.0,0.002877788279356856
16,LS-LMMSE,4.4,1,0.0,nan,nan,0,1280,0.0,0.002877788279356856
16,LS-LMMSE,4.5,1,0.0,nan,nan,0,1280,0.0,0.002877788279356856
16,LS-LMMSE,4.6,1,0.0,nan,nan,0,1280,0.0,0.002877788279356856
16,LS-LMMSE,4.7,1,0.0,nan,nan,0,1280,0.0,0.002877788279356856
16,LS-LMMSE,4.8,1,0.0,nan,nan,0,1280,0.0,0.002877788279356856
16,LS-LMMSE,4.9,1,0.0,nan,nan,0,1280,0.0,0.002877788279356856
16,LS-LMMSE,5.0,1,0.0,nan,nan,0,1280,0.0,0.002877788279356856
16,LS-LMMSE,5.1,1,0.0,nan,nan,0,1280,0.0,0.002877788279356856
16,LS-LMMSE,5.2,1,0.0,nan,nan,0,1280,0.0,0.002877788279356856
16,LS-LMMSE,5.3,1,0.0,nan,nan,0,1280,0.0,0.002877788279356856
16,LS-LMMSE,5.4,1,0.0,nan,nan,0,1280,0.0,0.002877788279356856
16,LS-LMMSE,5.5,1,0.0,nan,nan,0,1280,0.0,0.002877788279356856
16,LS-LMMSE,5.6,1,0.0,nan,nan,0,1280,0.0,0.002877788279356856
16,LS-LMMSE,5.7,1,0.0,nan,nan,0,1280,0.0,0.002877788279356856
16,LS-LMMSE,5.8,1,0.0,nan,nan,0,1280,0.0,0.002877788279356856
16,LS-LMMSE,5.9,1,0.0,nan,nan,0,1280,0.0,0.002877788279356856
16,LS-LMMSE,6.0,1,0.0,nan,nan,0,1280,0.0,0.002877788279356856
16,PCSI,-1.0,1,1.0,nan,nan,1280,1280,0.9971222117206432,1.0
16,PCSI,-0.5,1,1.0,nan,nan,1280,1280,0.9971222117206432,1.0
16,PCSI,0.0,1,0.9234375,nan,nan,1182,1280,0.9074864852668568,0.9374087731027266
16,PCSI,0.1,1,0.8,nan,nan,1024,1280,0.777018210547115,0.8215948799535178
16,PCSI,0.2,1,0.6953125,nan,nan,890,1280,0.6692790737391499,0.7204456678078853
16,PCSI,0.3,1,0.49921875,nan,nan,639,1280,0.47146539427750705,0.5269757010960874
16,PCSI,0.4,1,0.31640625,nan,nan,405,1280,0.2909836489633801,0.3426749213636551
16,PCSI,0.5,1,0.184375,nan,nan,236,1280,0.16348415295588675,0.20672602966868356
16,PCSI,0.6,1,0.09609375,nan,nan,123,1280,0.0804995386358691,0.11357024445493458
16,PCSI,0.7,1,0.04453125,nan,nan,57,1280,0.03389911865960768,0.057313187245311814
16,PCSI,0.8,1,0.0140625,nan,nan,18,1280,0.0083550538280058,0.022134056982795008
16,PCSI,0.9,1,0.0015625,nan,nan,2,1280,0.0001892820436669699,0.0056327795890735955
16,PCSI,1.0,1,0.00078125,nan,nan,1,1280,1.977934187396457e-05,0.004345081045509589
16,PCSI,1.1,1,0.00078125,nan,nan,1,1280,1.977934187396457e-05,0.004345081045509589
16,PCSI,1.2,1,0.0,nan,nan,0,1280,0.0,0.002877788279356856
16,PCSI,1.3,1,0.0,nan,nan,0,1280,0.0,0.002877788279356856
16,PCSI,1.4,1,0.0,nan,nan,0,1280,0.0,0.002877788279356856
16,PCSI,1.5,1,0.0,nan,nan,0,1280,0.0,0.002877788279356856
16,PCSI,1.6,1,0.0,nan,nan,0,1280,0.0,0.002877788279356856
16,PCSI,1.7,1,0.0,nan,nan,0,1280,0.0,0.002877788279356856
16,PCSI,1.8,1,0.0,nan,nan,0,1280,0.0,0.002877788279356856
16,PCSI,1.9,1,0.0,nan,nan,0,1280,0.0,0.002877788279356856
16,PCSI,2.0,1,0.0,nan,nan,0,1280,0.0,0.002877788279356856
16,PCSI,2.5,1,0.0,nan,nan,0,1280,0.0,0.002877788279356856
16,PCSI,3.0,1,0.0,nan,nan,0,1280,0.0,0.002877788279356856
16,PCSI,3.5,1,0.0,nan,nan,0,1280,0.0,0.002877788279356856
16,PCSI,4.0,1,0.0,nan,nan,0,1280,0.0,0.002877788279356856
16,PCSI,4.1,1,0.0,nan,nan,0,1280,0.0,0.002877788279356856
16,PCSI,4.2,1,0.0,nan,nan,0,1280,0.0,0.002877788279356856
16,PCSI,4.3,1,0.0,nan,nan,0,1280,0.0,0.002877788279356856
16,PCSI,4.4,1,0.0,nan,nan,0,1280,0.0,0.002877788279356856
16,PCSI,4.5,1,0.0,nan,nan,0,1280,0.0,0.002877788279356856
16,PCSI,4.6,1,0.0,nan,nan,0,1280,0.0,0.002877788279356856
16,PCSI,4.7,1,0.0,nan,nan,0,1280,0.0,0.002877788279356856
16,PCSI,4.8,1,0.0,nan,nan,0,1280,0.0,0.002877788279356856
16,PCSI,4.9,1,0.0,nan,nan,0,1280,0.0,0.002877788279356856
16,PCSI,5.0,1,0.0,nan,nan,0,1280,0.0,0.002877788279356856
16,PCSI,5.1,1,0.0,nan,nan,0,1280,0.0,0.002877788279356856
16,PCSI,5.2,1,0.0,nan,nan,0,1280,0.0,0.002877788279356856
16,PCSI,5.3,1,0.0,nan,nan,0,1280,0.0,0.002877788279356856
16,PCSI,5.4,1,0.0,nan,nan,0,1280,0.0,0.002877788279356856
16,PCSI,5.5,1,0.0,nan,nan,0,1280,0.0,0.002877788279356856
16,PCSI,5.6,1,0.0,nan,nan,0,1280,0.0,0.002877788279356856
16,PCSI,5.7,1,0.0,nan,nan,0,1280,0.0,0.002877788279356856
16,PCSI,5.8,1,0.0,nan,nan,0,1280,0.0,0.002877788279356856
16,PCSI,5.9,1,0.0,nan,nan,0,1280,0.0,0.002877788279356856
16,PCSI,6.0,1,0.0,nan,nan,0,1280,0.0,0.002877788279356856
64,AINR,3.0,1,1.0,nan,nan,1280,1280,0.9971222117206432,1.0
64,AINR,3.5,1,1.0,nan,nan,1280,1280,0.9971222117206432,1.0
64,AINR,4.0,1,1.0,nan,nan,1280,1280,0.9971222117206432,1.0
64,AINR,4.1,1,1.0,nan,nan,1280,1280,0.9971222117206432,1.0
64,AINR,4.2,1,1.0,nan,nan,1280,1280,0.9971222117206432,1.0
64,AINR,4.3,1,1.0,nan,nan,1280,1280,0.9971222117206432,1.0
64,AINR,4.4,1,1.0,nan,nan,1280,1280,0.9971222117206432,1.0
64,AINR,4.5,1,0.9984375,nan,nan,1278,1280,0.9943672204109264,0.999810717956333
64,AINR,4.6,1,0.99296875,nan,nan,1271,1280,0.9866946297469605,0.9967799720993484
64,AINR,4.7,1,0.9625,nan,nan,1232,1280,0.9505857392098367,0.9722234529730864
64,AINR,4.8,1,0.9296875,nan,nan,1190,1280,0.9142787377011735,0.9430846355059234
64,AINR,4.9,1,0.853125,nan,nan,1092,1280,0.8325331364299475,0.8720795653245212
64,AINR,5.0,1,0.7125,nan,nan,912,1280,0.6868465685691916,0.7371736218124947
64,AINR,5.1,1,0.59296875,nan,nan,759,1280,0.5654762917076512,0.6200332202421953
64,AINR,5.2,1,0.390625,nan,nan,500,1280,0.3637836889874336,0.4179698913276694
64,AINR,5.3,1,0.2515625,nan,nan,322,1280,0.2279937279859522,0.27627777527438796
64,AINR,5.4,1,0.153125,nan,nan,196,1280,0.13382078148388268,0.1740368431484127
64,AINR,5.5,1,0.06796875,nan,nan,87,1280,0.05479497901197791,0.08316622077951409
64,AINR,5.6,1,0.03359375,nan,nan,43,1280,0.02441650925970822,0.044985707977272936
64,AINR,5.7,1,0.021875,nan,nan,28,1280,0.014583821065917843,0.03146118883424572
64,AINR,5.8,1,0.00703125,nan,nan,9,1280,0.0032200279006515168,0.013305370253039413
64,AINR,5.9,1,0.00390625,nan,nan,5,1280,0.001269528093349383,0.00909215956244332
64,AINR,6.0,1,0.00234375,nan,nan,3,1280,0.0004835986410209446,0.006834016569967442
64,AINR,6.1,1,0.003125,nan,nan,4,1280,0.0008520934543811361,0.007981751239449223
64,AINR,6.2,1,0.003125,nan,nan,4,1280,0.0008520934543811361,0.007981751239449223
64,AINR,6.3,1,0.00078125,nan,nan,1,1280,1.977934187396457e-05,0.004345081045509589
64,AINR,6.4,1,0.0,nan,nan,0,1280,0.0,0.002877788279356856
64,AINR,6.5,1,0.0015625,nan,nan,2,1280,0.0001892820436669699,0.0056327795890735955
64,AINR,7.0,1,0.0,nan,nan,0,1280,0.0,0.002877788279356856
64,AINR,7.5,1,0.0,nan,nan,0,1280,0.0,0.002877788279356856
64,AINR,7.6,1,0.0,nan,nan,0,1280,0.0,0.002877788279356856
64,AINR,7.7,1,0.0,nan,nan,0,1280,0.0,0.002877788279356856
64,AINR,7.8,1,0.0,nan,nan,0,1280,0.0,0.002877788279356856
64,AINR,7.9,1,0.0,nan,nan,0,1280,0.0,0.002877788279356856
64,AINR,8.0,1,0.0,nan,nan,0,1280,0.0,0.002877788279356856
64,AINR,8.1,1,0.0,nan,nan,0,1280,0.0,0.002877788279356856
64,AINR,8.2,1,0.0,nan,nan,0,1280,0.0,0.002877788279356856
64,AINR,8.3,1,0.0,nan,nan,0,1280,0.0,0.002877788279356856
64,AINR,8.4,1,0.0,nan,nan,0,1280,0.0,0.002877788279356856
64,AINR,8.5,1,0.0,nan,nan,0,1280,0.0,0.002877788279356856
64,AINR,8.6,1,0.0,nan,nan,0,1280,0.0,0.002877788279356856
64,AINR,8.7,1,0.0,nan,nan,0,1280,0.0,0.002877788279356856
64,AINR,8.8,1,0.0,nan,nan,0,1280,0.0,0.002877788279356856
64,AINR,8.9,1,0.0,nan,nan,0,1280,0.0,0.002877788279356856
64,AINR,9.0,1,0.0,nan,nan,0,1280,0.0,0.002877788279356856
64,AINR,9.1,1,0.0,nan,nan,0,1280,0.0,0.002877788279356856
64,AINR,9.2,1,0.0,nan,nan,0,1280,0.0,0.002877788279356856
64,AINR,9.3,1,0.0,nan,nan,0,1280,0.0,0.002877788279356856
64,AINR,9.4,1,0.0,nan,nan,0,1280,0.0,0.002877788279356856
64,AINR,9.5,1,0.0,nan,nan,0,1280,0.0,0.002877788279356856
64,AINR,10.0,1,0.0,nan,nan,0,1280,0.0,0.002877788279356856
64,DiscNRX,3.0,1,1.0,nan,nan,1280,1280,0.9971222117206432,1.0
64,DiscNRX,3.5,1,1.0,nan,nan,1280,1280,0.9971222117206432,1.0
64,DiscNRX,4.0,1,1.0,nan,nan,1280,1280,0.9971222117206432,1.0
64,DiscNRX,4.1,1,1.0,nan,nan,1280,1280,0.9971222117206432,1.0
64,DiscNRX,4.2,1,1.0,nan,nan,1280,1280,0.9971222117206432,1.0
64,DiscNRX,4.3,1,1.0,nan,nan,1280,1280,0.9971222117206432,1.0
64,DiscNRX,4.4,1,0.9984375,nan,nan,1278,1280,0.9943672204109264,0.999810717956333
64,DiscNRX,4.5,1,0.99921875,nan,nan,1279,1280,0.9956549189544904,0.9999802206581261
64,DiscNRX,4.6,1,0.98984375,nan,nan,1267,1280,0.9826951211725546,0.994581454830925
64,DiscNRX,4.7,1,0.96171875,nan,nan,1231,1280,0.9497037454936033,0.9715476188070277
64,DiscNRX,4.8,1,0.915625,nan,nan,1172,1280,0.8990354171273249,0.9302741671817887
64,DiscNRX,4.9,1,0.82265625,nan,nan,1053,1280,0.8006073573417551,0.8432119007793448
64,DiscNRX,5.0,1,0.684375,nan,nan,876,1280,0.6581214254819595,0.7097788928294188
64,DiscNRX,5.1,1,0.559375,nan,nan,716,1280,0.5316766071917487,0.586800108875027
64,DiscNRX,5.2,1,0.34765625,nan,nan,445,1280,0.3215517422103884,0.37446249427448086
64,DiscNRX,5.3,1,0.23046875,nan,nan,295,1280,0.2076475671911476,0.25453456985917483
64,DiscNRX,5.4,1,0.12890625,nan,nan,165,1280,0.11102654521774355,0.14850902680272288
64,DiscNRX,5.5,1,0.065625,nan,nan,84,1280,0.05267931923820272,0.08060652535225982
64,DiscNRX,5.6,1,0.025,nan,nan,32,1280,0.017161393907717048,0.035110453142001674
64,DiscNRX,5.7,1,0.01328125,nan,nan,17,1280,0.007755337276072695,0.021179648502027287
64,DiscNRX,5.8,1,0.0046875,nan,nan,6,1280,0.001722113766661692,0.010174600833129082
64,DiscNRX,5.9,1,0.00390625,nan,nan,5,1280,0.001269528093349383,0.00909215956244332
64,DiscNRX,6.0,1,0.0015625,nan,nan,2,1280,0.0001892820436669699,0.0056327795890735955
64,DiscNRX,6.1,1,0.00078125,nan,nan,1,1280,1.977934187396457e-05,0.004345081045509589
64,DiscNRX,6.2,1,0.0015625,nan,nan,2,1280,0.0001892820436669699,0.0056327795890735955
64,DiscNRX,6.3,1,0.00078125,nan,nan,1,1280,1.977934187396457e-05,0.004345081045509589
64,DiscNRX,6.4,1,0.0,nan,nan,0,1280,0.0,0.002877788279356856
64,DiscNRX,6.5,1,0.00078125,nan,nan,1,1280,1.977934187396457e-05,0.004345081045509589
64,DiscNRX,7.0,1,0.0,nan,nan,0,1280,0.0,0.002877788279356856
64,DiscNRX,7.5,1,0.0,nan,nan,0,1280,0.0,0.002877788279356856
64,DiscNRX,7.6,1,0.0,nan,nan,0,1280,0.0,0.002877788279356856
64,DiscNRX,7.7,1,0.0,nan,nan,0,1280,0.0,0.002877788279356856
64,DiscNRX,7.8,1,0.0,nan,nan,0,1280,0.0,0.002877788279356856
64,DiscNRX,7.9,1,0.0,nan,nan,0,1280,0.0,0.002877788279356856
64,DiscNRX,8.0,1,0.0,nan,nan,0,1280,0.0,0.002877788279356856
64,DiscNRX,8.1,1,0.0,nan,nan,0,1280,0.0,0.002877788279356856
64,DiscNRX,8.2,1,0.0,nan,nan,0,1280,0.0,0.002877788279356856
64,DiscNRX,8.3,1,0.0,nan,nan,0,1280,0.0,0.002877788279356856
64,DiscNRX,8.4,1,0.0,nan,nan,0,1280,0.0,0.002877788279356856
64,DiscNRX,8.5,1,0.0,nan,nan,0,1280,0.0,0.002877788279356856
64,DiscNRX,8.6,1,0.0,nan,nan,0,1280,0.0,0.002877788279356856
64,DiscNRX,8.7,1,0.0,nan,nan,0,1280,0.0,0.002877788279356856
64,DiscNRX,8.8,1,0.0,nan,nan,0,1280,0.0,0.002877788279356856
64,DiscNRX,8.9,1,0.0,nan,nan,0,1280,0.0,0.002877788279356856
64,DiscNRX,9.0,1,0.0,nan,nan,0,1280,0.0,0.002877788279356856
64,DiscNRX,9.1,1,0.0,nan,nan,0,1280,0.0,0.002877788279356856
64,DiscNRX,9.2,1,0.0,nan,nan,0,1280,0.0,0.002877788279356856
64,DiscNRX,9.3,1,0.0,nan,nan,0,1280,0.0,0.002877788279356856
64,DiscNRX,9.4,1,0.0,nan,nan,0,1280,0.0,0.002877788279356856
64,DiscNRX,9.5,1,0.0,nan,nan,0,1280,0.0,0.002877788279356856
64,DiscNRX,10.0,1,0.0,nan,nan,0,1280,0.0,0.002877788279356856
64,LS-LIN,3.0,1,1.0,nan,nan,1280,1280,0.9971222117206432,1.0
64,LS-LIN,3.5,1,1.0,nan,nan,1280,1280,0.9971222117206432,1.0
64,LS-LIN,4.0,1,1.0,nan,nan,1280,1280,0.9971222117206432,1.0
64,LS-LIN,4.1,1,1.0,nan,nan,1280,1280,0.9971222117206432,1.0
64,LS-LIN,4.2,1,1.0,nan,nan,1280,1280,0.9971222117206432,1.0
64,LS-LIN,4.3,1,1.0,nan,nan,1280,1280,0.9971222117206432,1.0
64,LS-LIN,4.4,1,1.0,nan,nan,1280,1280,0.9971222117206432,1.0
64,LS-LIN,4.5,1,1.0,nan,nan,1280,1280,0.9971222117206432,1.0
64,LS-LIN,4.6,1,1.0,nan,nan,1280,1280,0.9971222117206432,1.0
64,LS-LIN,4.7,1,1.0,nan,nan,1280,1280,0.9971222117206432,1.0
64,LS-LIN,4.8,1,1.0,nan,nan,1280,1280,0.9971222117206432,1.0
64,LS-LIN,4.9,1,1.0,nan,nan,1280,1280,0.9971222117206432,1.0
64,LS-LIN,5.0,1,1.0,nan,nan,1280,1280,0.9971222117206432,1.0
64,LS-LIN,5.1,1,1.0,nan,nan,1280,1280,0.9971222117206432,1.0
64,LS-LIN,5.2,1,1.0,nan,nan,1280,1280,0.9971222117206432,1.0
64,LS-LIN,5.3,1,1.0,nan,nan,1280,1280,0.9971222117206432,1.0
64,LS-LIN,5.4,1,1.0,nan,nan,1280,1280,0.9971222117206432,1.0
64,LS-LIN,5.5,1,1.0,nan,nan,1280,1280,0.9971222117206432,1.0
64,LS-LIN,5.6,1,1.0,nan,nan,1280,1280,0.9971222117206432,1.0
64,LS-LIN,5.7,1,1.0,nan,nan,1280,1280,0.9971222117206432,1.0
64,LS-LIN,5.8,1,1.0,nan,nan,1280,1280,0.9971222117206432,1.0
64,LS-LIN,5.9,1,1.0,nan,nan,1280,1280,0.9971222117206432,1.0
64,LS-LIN,6.0,1,1.0,nan,nan,1280,1280,0.9971222117206432,1.0
64,LS-LIN,6.1,1,1.0,nan,nan,1280,1280,0.9971222117206432,1.0
64,LS-LIN,6.2,1,1.0,nan,nan,1280,1280,0.9971222117206432,1.0
64,LS-LIN,6.3,1,1.0,nan,nan,1280,1280,0.9971222117206432,1.0
64,LS-LIN,6.4,1,1.0,nan,nan,1280,1280,0.9971222117206432,1.0
64,LS-LIN,6.5,1,1.0,nan,nan,1280,1280,0.9971222117206432,1.0
64,LS-LIN,7.0,1,1.0,nan,nan,1280,1280,0.9971222117206432,1.0
64,LS-LIN,7.5,1,0.996875,nan,nan,1276,1280,0.9920182487605508,0.9991479065456189
64,LS-LIN,7.6,1,0.996875,nan,nan,1276,1280,0.9920182487605508,0.9991479065456189
64,LS-LIN,7.7,1,0.9875,nan,nan,1264,1280,0.9797799678757341,0.9928387512674105
64,LS-LIN,7.8,1,0.93515625,nan,nan,1197,1280,0.9202477799692818,0.9480248101291043
64,LS-LIN,7.9,1,0.85546875,nan,nan,1095,1280,0.834999934900726,0.8742891197631618
64,LS-LIN,8.0,1,0.740625,nan,nan,948,1280,0.7156883926569361,0.7644513898239769
64,LS-LIN,8.1,1,0.609375,nan,nan,780,1280,0.5820301086723306,0.6362163110125665
64,LS-LIN,8.2,1,0.44765625,nan,nan,573,1280,0.4201717361582036,0.4753816781639528
64,LS-LIN,8.3,1,0.2890625,nan,nan,370,1280,0.2643453336393028,0.31475224001781427
64,LS-LIN,8.4,1,0.15,nan,nan,192,1280,0.13086913946055173,0.17075331281467324
64,LS-LIN,8.5,1,0.08515625,nan,nan,109,1280,0.07044152217495676,0.10180748867096723
64,LS-LIN,8.6,1,0.0390625,nan,nan,50,1280,0.029129402444319455,0.05117709352405017
64,LS-LIN,8.7,1,0.01484375,nan,nan,19,1280,0.008959939466732254,0.02308366271354131
64,LS-LIN,8.8,1,0.01015625,nan,nan,13,1280,0.0054185451690750815,0.017304878827445382
64,LS-LIN,8.9,1,0.00390625,nan,nan,5,1280,0.001269528093349383,0.00909215956244332
64,LS-LIN,9.0,1,0.00078125,nan,nan,1,1280,1.977934187396457e-05,0.004345081045509589
64,LS-LIN,9.1,1,0.00078125,nan,nan,1,1280,1.977934187396457e-05,0.004345081045509589
64,LS-LIN,9.2,1,0.0,nan,nan,0,1280,0.0,0.002877788279356856
64,LS-LIN,9.3,1,0.0,nan,nan,0,1280,0.0,0.002877788279356856
64,LS-LIN,9.4,1,0.0,nan,nan,0,1280,0.0,0.002877788279356856
64,LS-LIN,9.5,1,0.0,nan,nan,0,1280,0.0,0.002877788279356856
64,LS-LIN,10.0,1,0.0,nan,nan,0,1280,0.0,0.002877788279356856
64,LS-LMMSE,3.0,1,1.0,nan,nan,1280,1280,0.9971222117206432,1.0
64,LS-LMMSE,3.5,1,1.0,nan,nan,1280,1280,0.9971222117206432,1.0
64,LS-LMMSE,4.0,1,1.0,nan,nan,1280,1280,0.9971222117206432,1.0
64,LS-LMMSE,4.1,1,1.0,nan,nan,1280,1280,0.9971222117206432,1.0
64,LS-LMMSE,4.2,1,1.0,nan,nan,1280,1280,0.9971222117206432,1.0
64,LS-LMMSE,4.3,1,1.0,nan,nan,1280,1280,0.9971222117206432,1.0
64,LS-LMMSE,4.4,1,0.9984375,nan,nan,1278,1280,0.9943672204109264,0.999810717956333
64,LS-LMMSE,4.5,1,0.99609375,nan,nan,1275,1280,0.9909078404375566,0.9987304719066507
64,LS-LMMSE,4.6,1,0.98828125,nan,nan,1265,1280,0.980745258506684,0.9934266798853423
64,LS-LMMSE,4.7,1,0.9609375,nan,nan,1230,1280,0.9488229064759498,0.9708705975556805
64,LS-LMMSE,4.8,1,0.90390625,nan,nan,1157,1280,0.8864297555450654,0.9195004613641309
64,LS-LMMSE,4.9,1,0.84921875,nan,nan,1087,1280,0.8284255338641351,0.8683932224528963
64,LS-LMMSE,5.0,1,0.70234375,nan,nan,899,1280,0.6764606611302638,0.7272940482391319
64,LS-LMMSE,5.1,1,0.59140625,nan,nan,757,1280,0.563901364865312,0.6184903448198124
64,LS-LMMSE,5.2,1,0.440625,nan,nan,564,1280,0.4131998911249729,0.46832339280825136
64,LS-LMMSE,5.3,1,0.29765625,nan,nan,381,1280,0.2727059517608681,0.3235393388697361
64,LS-LMMSE,5.4,1,0.20234375,nan,nan,259,1280,0.18064788651689617,0.22541555245664388
64,LS-LMMSE,5.5,1,0.1328125,nan,nan,170,1280,0.11468979793297722,0.1526395620249488
64,LS-LMMSE,5.6,1,0.06171875,nan,nan,79,1280,0.0491643754543961,0.07632938787825441
64,LS-LMMSE,5.7,1,0.02890625,nan,nan,37,1280,0.020432571922080024,0.03962485116348148
64,LS-LMMSE,5.8,1,0.021875,nan,nan,28,1280,0.014583821065917843,0.03146118883424572
64,LS-LMMSE,5.9,1,0.00703125,nan,nan,9,1280,0.0032200279006515168,0.013305370253039413
64,LS-LMMSE,6.0,1,0.0078125,nan,nan,10,1280,0.003752569948288284,0.01432039461589535
64,LS-LMMSE,6.1,1,0.003125,nan,nan,4,1280,0.0008520934543811361,0.007981751239449223
64,LS-LMMSE,6.2,1,0.0015625,nan,nan,2,1280,0.0001892820436669699,0.0056327795890735955
64,LS-LMMSE,6.3,1,0.0,nan,nan,0,1280,0.0,0.002877788279356856
64,LS-LMMSE,6.4,1,0.0,nan,nan,0,1280,0.0,0.002877788279356856
64,LS-LMMSE,6.5,1,0.00078125,nan,nan,1,1280,1.977934187396457e-05,0.004345081045509589
64,LS-LMMSE,7.0,1,0.0,nan,nan,0,1280,0.0,0.002877788279356856
64,LS-LMMSE,7.5,1,0.0,nan,nan,0,1280,0.0,0.002877788279356856
64,LS-LMMSE,7.6,1,0.0,nan,nan,0,1280,0.0,0.002877788279356856
64,LS-LMMSE,7.7,1,0.0,nan,nan,0,1280,0.0,0.002877788279356856
64,LS-LMMSE,7.8,1,0.0,nan,nan,0,1280,0.0,0.002877788279356856
64,LS-LMMSE,7.9,1,0.0,nan,nan,0,1280,0.0,0.002877788279356856
64,LS-LMMSE,8.0,1,0.0,nan,nan,0,1280,0.0,0.002877788279356856
64,LS-LMMSE,8.1,1,0.0,nan,nan,0,1280,0.0,0.002877788279356856
64,LS-LMMSE,8.2,1,0.0,nan,nan,0,1280,0.0,0.002877788279356856
64,LS-LMMSE,8.3,1,0.0,nan,nan,0,1280,0.0,0.002877788279356856
64,LS-LMMSE,8.4,1,0.0,nan,nan,0,1280,0.0,0.002877788279356856
64,LS-LMMSE,8.5,1,0.0,nan,nan,0,1280,0.0,0.002877788279356856
64,LS-LMMSE,8.6,1,0.0,nan,nan,0,1280,0.0,0.002877788279356856
64,LS-LMMSE,8.7,1,0.0,nan,nan,0,1280,0.0,0.002877788279356856
64,LS-LMMSE,8.8,1,0.0,nan,nan,0,1280,0.0,0.002877788279356856
64,LS-LMMSE,8.9,1,0.0,nan,nan,0,1280,0.0,0.002877788279356856
64,LS-LMMSE,9.0,1,0.0,nan,nan,0,1280,0.0,0.002877788279356856
64,LS-LMMSE,9.1,1,0.0,nan,nan,0,1280,0.0,0.002877788279356856
64,LS-LMMSE,9.2,1,0.0,nan,nan,0,1280,0.0,0.002877788279356856
64,LS-LMMSE,9.3,1,0.0,nan,nan,0,1280,0.0,0.002877788279356856
64,LS-LMMSE,9.4,1,0.0,nan,nan,0,1280,0.0,0.002877788279356856
64,LS-LMMSE,9.5,1,0.0,nan,nan,0,1280,0.0,0.002877788279356856
64,LS-LMMSE,10.0,1,0.0,nan,nan,0,1280,0.0,0.002877788279356856
64,PCSI,3.0,1,1.0,nan,nan,1280,1280,0.9971222117206432,1.0
64,PCSI,3.5,1,1.0,nan,nan,1280,1280,0.9971222117206432,1.0
64,PCSI,4.0,1,0.99921875,nan,nan,1279,1280,0.9956549189544904,0.9999802206581261
64,PCSI,4.1,1,0.99921875,nan,nan,1279,1280,0.9956549189544904,0.9999802206581261
64,PCSI,4.2,1,0.99609375,nan,nan,1275,1280,0.9909078404375566,0.9987304719066507
64,PCSI,4.3,1,0.978125,nan,nan,1252,1280,0.9685388111657542,0.9854161789340822
64,PCSI,4.4,1,0.93515625,nan,nan,1197,1280,0.9202477799692818,0.9480248101291043
64,PCSI,4.5,1,0.8671875,nan,nan,1110,1280,0.8473604379750512,0.8853102020670227
64,PCSI,4.6,1,0.746875,nan,nan,956,1280,0.7221146528320775,0.7704961034491239
64,PCSI,4.7,1,0.5390625,nan,nan,690,1280,0.5113009795097098,0.566644241753399
64,PCSI,4.8,1,0.3734375,nan,nan,478,1280,0.34686399381421806,0.4005938145222533
64,PCSI,4.9,1,0.21171875,nan,nan,271,1280,0.1896304010127031,0.2351392033326432
64,PCSI,5.0,1,0.0984375,nan,nan,126,1280,0.08266351863310795,0.11608223846374628
64,PCSI,5.1,1,0.02890625,nan,nan,37,1280,0.020432571922080024,0.03962485116348148
64,PCSI,5.2,1,0.025,nan,nan,32,1280,0.017161393907717048,0.035110453142001674
64,PCSI,5.3,1,0.00546875,nan,nan,7,1280,0.002201463364035384,0.011235067026165928
64,PCSI,5.4,1,0.0015625,nan,nan,2,1280,0.0001892820436669699,0.0056327795890735955
64,PCSI,5.5,1,0.00078125,nan,nan,1,1280,1.977934187396457e-05,0.004345081045509589
64,PCSI,5.6,1,0.0,nan,nan,0,1280,0.0,0.002877788279356856
64,PCSI,5.7,1,0.0,nan,nan,0,1280,0.0,0.002877788279356856
64,PCSI,5.8,1,0.0,nan,nan,0,1280,0.0,0.002877788279356856
64,PCSI,5.9,1,0.0,nan,nan,0,1280,0.0,0.002877788279356856
64,PCSI,6.0,1,0.0,nan,nan,0,1280,0.0,0.002877788279356856
64,PCSI,6.1,1,0.0,nan,nan,0,1280,0.0,0.002877788279356856
64,PCSI,6.2,1,0.0,nan,nan,0,1280,0.0,0.002877788279356856
64,PCSI,6.3,1,0.0,nan,nan,0,1280,0.0,0.002877788279356856
64,PCSI,6.4,1,0.0,nan,nan,0,1280,0.0,0.002877788279356856
64,PCSI,6.5,1,0.0,nan,nan,0,1280,0.0,0.002877788279356856
64,PCSI,7.0,1,0.0,nan,nan,0,1280,0.0,0.002877788279356856
64,PCSI,7.5,1,0.0,nan,nan,0,1280,0.0,0.002877788279356856
64,PCSI,7.6,1,0.0,nan,nan,0,1280,0.0,0.002877788279356856
64,PCSI,7.7,1,0.0,nan,nan,0,1280,0.0,0.002877788279356856
64,PCSI,7.8,1,0.0,nan,nan,0,1280,0.0,0.002877788279356856
64,PCSI,7.9,1,0.0,nan,nan,0,1280,0.0,0.002877788279356856
64,PCSI,8.0,1,0.0,nan,nan,0,1280,0.0,0.002877788279356856
64,PCSI,8.1,1,0.0,nan,nan,0,1280,0.0,0.002877788279356856
64,PCSI,8.2,1,0.0,nan,nan,0,1280,0.0,0.002877788279356856
64,PCSI,8.3,1,0.0,nan,nan,0,1280,0.0,0.002877788279356856
64,PCSI,8.4,1,0.0,nan,nan,0,1280,0.0,0.002877788279356856
64,PCSI,8.5,1,0.0,nan,nan,0,1280,0.0,0.002877788279356856
64,PCSI,8.6,1,0.0,nan,nan,0,1280,0.0,0.002877788279356856
64,PCSI,8.7,1,0.0,nan,nan,0,1280,0.0,0.002877788279356856
64,PCSI,8.8,1,0.0,nan,nan,0,1280,0.0,0.002877788279356856
64,PCSI,8.9,1,0.0,nan,nan,0,1280,0.0,0.002877788279356856
64,PCSI,9.0,1,0.0,nan,nan,0,1280,0.0,0.002877788279356856
64,PCSI,9.1,1,0.0,nan,nan,0,1280,0.0,0.002877788279356856
64,PCSI,9.2,1,0.0,nan,nan,0,1280,0.0,0.002877788279356856
64,PCSI,9.3,1,0.0,nan,nan,0,1280,0.0,0.002877788279356856
64,PCSI,9.4,1,0.0,nan,nan,0,1280,0.0,0.002877788279356856
64,PCSI,9.5,1,0.0,nan,nan,0,1280,0.0,0.002877788279356856
64,PCSI,10.0,1,0.0,nan,nan,0,1280,0.0,0.002877788279356856
